22	17188416	T	C	H	R	rs2231495	22	17669306	22	16049306	215;335;335;94;335;335;293;293	ADA2;ADA2;ADA2;ADA2;ADA2;ADA2;ADA2;ADA2	ENSG00000093072;ENSG00000093072;ENSG00000093072;ENSG00000093072;ENSG00000093072;ENSG00000093072;ENSG00000093072;ENSG00000093072	ENST00000610390;ENST00000399837;ENST00000399839;ENST00000330232;ENST00000262607;ENST00000647714;ENST00000449907;ENST00000649540	ENSP00000483418;ENSP00000382731;ENSP00000382733;ENSP00000332871;ENSP00000262607;ENSP00000497821;ENSP00000406443;ENSP00000497469	A0A087X0I3;Q9NZK5;Q9NZK5;Q9NZK5-2;Q9NZK5;Q9NZK5;B4E3Q4;B4E3Q4	A0A087X0I3_HUMAN;ADA2_HUMAN;ADA2_HUMAN;ADA2_HUMAN;ADA2_HUMAN;ADA2_HUMAN;B4E3Q4_HUMAN;B4E3Q4_HUMAN	c.644A>G;c.1004A>G;c.1004A>G;c.281A>G;c.1004A>G;.;c.878A>G;.	p.H215R;p.H335R;p.H335R;p.H94R;p.H335R;.;p.H293R;.	c.644A>G;c.1004A>G;c.1004A>G;c.281A>G;c.1004A>G;.;c.878A>G;.	p.His215Arg;p.His335Arg;p.His335Arg;p.His94Arg;p.His335Arg;.;p.His293Arg;.	c.644A>G;c.1004A>G;c.1004A>G;c.281A>G;c.1004A>G;c.1004A>G;c.878A>G;c.878A>G	p.His215Arg;p.His335Arg;p.His335Arg;p.His94Arg;p.His335Arg;p.His335Arg;p.His293Arg;p.His293Arg	.;principal3;principal3;.;principal3;principal3;alternative2;alternative2	Y;Y;Y;Y;Y;Y;Y;Y	5;1;5;2;1;.;2;.	.;.;YES;.;.;.;.;.	-;-;-;-;-;-;-;-	CAT;CAT;CAT;CAT;CAT;CAT;CAT;CAT	2;2;2;2;2;2;2;2	0;0;0;0;0;0;0;0	T	T/T	T/T	T/T	T/T	.;0.312;0.312;0.356;0.312;.;0.312;.	0.13925	.;T;T;T;T;.;T;.	0.343;0.34;0.34;0.349;0.34;.;0.342;.	0.18018	T;T;T;T;T;.;T;.	.;0.237;0.237;0.001;0.237;0.237;.;.	0.30795	.;B;B;B;B;B;.;.	.;0.015;0.015;0.0;0.015;0.015;.;.	0.17295	.;B;B;B;B;B;.;.	0.005837	0.32475	N	0.345183	1;1;1;1;0.999987	0.18198	P;P;P;P;P	simple_aae;simple_aae;simple_aae;simple_aae;simple_aae	H335R;H335R;H94R;H335R;H293R	.;.;.;.;.;.;.;.	.	.;.;.;.;.;.;.;.	.;-1.54;-1.54;-1.54;-1.54;.;-1.54;.	0.81640	.;D;D;D;D;.;D;.	.;-1.16;-1.16;-1.09;-1.16;.;-1.16;.	0.29727	.;N;N;N;N;.;N;.	0.087;0.064;0.099;0.097;0.064;.;0.126;.	0.11912	-0.9192	0.45662	T	0.0000	0.00011	T	9	8.136581e-05;8.136581e-05;8.136581e-05;8.136581e-05;8.136581e-05;8.136581e-05;8.1365884e-05;8.1365884e-05	0.00009	T;T;T;T;T;T;T;T	.	.	.	.;0.176;0.176;0.176;0.176;.;0.176;.	0.44373	.;.;.;.;.;.;.;.;	.	.;.;.;.;.;.;.;.;	.;.;.;.;.;.;.;.;	.;.;.;.;.;.;.;.;	.;.;.;.;.;.;.;.	.	.;0.3789504863282134;.;.;.;.;.;.	0.37810	.;.;0.0507776018214;.;.;.;.;.	0.05576	0.380416631699	0.22316	T	0.004945;0.227596;0.227596;.;0.227596;0.227596;.;.	0.59293
22	19385577	A	T	S	T	rs115157927	22	19373100	22	17753100	425;425	HIRA;HIRA	ENSG00000100084;ENSG00000100084	ENST00000340170;ENST00000263208	ENSP00000345350;ENSP00000263208	P54198-2;P54198	HIRA_HUMAN;HIRA_HUMAN	c.1273T>A;c.1273T>A	p.S425T;p.S425T	c.1273T>A;c.1273T>A	p.Ser425Thr;p.Ser425Thr	c.1273T>A;c.1273T>A	p.Ser425Thr;p.Ser425Thr	.;principal1	Y;Y	1;1	.;YES	-;-	TCA;TCA	1;1	0;0	A	A/A	A/A	A/A	A/A	0.451;0.411	0.10115	T;T	0.8;0.812	0.04066	T;T	0.0;0.018	0.17786	B;B	0.002;0.009	0.14300	B;B	0.024598	0.26236	N	0.400737	0.820145;0.820145;0.777882;0.777882	0.34764	D;D;D;D	simple_aae;simple_aae;simple_aae;simple_aae	S425T;S425T;S381T;S381T	0.55;0.55	0.14455	N;N	-0.35;-0.6	0.71662	T;T	-0.24;-0.26	0.11185	N;N	0.111;0.103	0.09772	-1.0272	0.21363	T	0.1225	0.42441	T	10	0.019130021;0.019130021	0.00423	T;T	0.015063	0.35570	T	0.065;0.065	0.18881	.;.;	.	.;.;	.;.;	.;.;	0.523447128704;0.523447128704	0.51990	.;0.4181471056604377	0.41730	.;1.08006191303	0.77111	0.390007972717	0.23670	T	.;0.229962	0.59592
22	19973143	G	A	A	V	rs115736959	22	19960666	22	18340666	805;742;736;799	ARVCF;ARVCF;ARVCF;ARVCF	ENSG00000099889;ENSG00000099889;ENSG00000099889;ENSG00000099889	ENST00000263207;ENST00000401994;ENST00000406522;ENST00000406259	ENSP00000263207;ENSP00000384341;ENSP00000384732;ENSP00000385444	O00192;O00192-2;C9JJX6;E9PDC3	ARVC_HUMAN;ARVC_HUMAN;C9JJX6_HUMAN;E9PDC3_HUMAN	c.2414C>T;c.2225C>T;c.2207C>T;c.2396C>T	p.A805V;p.A742V;p.A736V;p.A799V	c.2414C>T;c.2225C>T;c.2207C>T;c.2396C>T	p.Ala805Val;p.Ala742Val;p.Ala736Val;p.Ala799Val	c.2414C>T;c.2225C>T;c.2207C>T;c.2396C>T	p.Ala805Val;p.Ala742Val;p.Ala736Val;p.Ala799Val	principal2;alternative2;.;alternative2	Y;Y;Y;Y	1;5;5;5	YES;.;.;.	-;-;-;-	GCG;GCG;GCG;GCG	2;2;2;2	0;0;0;0	G	G/G	G/G	G/G	G/G	0.002;0.002;0.002;0.002	0.72154	D;D;D;D	0.004;0.004;0.004;0.004	0.74150	D;D;D;D	0.782;.;.;.	0.44333	P;.;.;.	0.189;.;.;.	0.36295	B;.;.;.	0.000025	0.55875	D	0.113654	0.874035;0.874035;0.874035;0.874035;0.874035	0.35619	D;D;D;D;D	simple_aae;simple_aae;simple_aae;simple_aae;simple_aae	A805V;A742V;A736V;A799V;A742V	1.61;.;.;.	0.41143	L;.;.;.	0.83;0.83;0.83;0.83	0.47815	T;T;T;T	-1.44;-1.51;-1.51;-1.44	0.36787	N;N;N;N	0.233;0.236;0.222;0.211	0.26596	-1.0744	0.08472	T	0.0163	0.06664	T	9	0.008379906;0.008379906;0.008379906;0.008379906	0.00190	T;T;T;T	.	.	.	0.092;0.092;0.092;0.092	0.26621	.;.;.;.;	.	.;.;.;.;	.;.;.;.;	.;.;.;.;	0.568608705585;0.568608705585;0.568608705585;0.568608705585	0.56525	0.3704290115154216;.;.;.	0.36956	0.117565491383;.;.;.	0.13241	0.628672361374	0.56956	T	0.044742;.;0.034561;.	0.26909
22	19979039	C	T	V	I	rs76496156	22	19966562	22	18346562	480;417;417;480	ARVCF;ARVCF;ARVCF;ARVCF	ENSG00000099889;ENSG00000099889;ENSG00000099889;ENSG00000099889	ENST00000263207;ENST00000401994;ENST00000406522;ENST00000406259	ENSP00000263207;ENSP00000384341;ENSP00000384732;ENSP00000385444	O00192;O00192-2;C9JJX6;E9PDC3	ARVC_HUMAN;ARVC_HUMAN;C9JJX6_HUMAN;E9PDC3_HUMAN	c.1438G>A;c.1249G>A;c.1249G>A;c.1438G>A	p.V480I;p.V417I;p.V417I;p.V480I	c.1438G>A;c.1249G>A;c.1249G>A;c.1438G>A	p.Val480Ile;p.Val417Ile;p.Val417Ile;p.Val480Ile	c.1438G>A;c.1249G>A;c.1249G>A;c.1438G>A	p.Val480Ile;p.Val417Ile;p.Val417Ile;p.Val480Ile	principal2;alternative2;.;alternative2	Y;Y;Y;Y	1;5;5;5	YES;.;.;.	-;-;-;-	GTC;GTC;GTC;GTC	1;1;1;1	0;0;0;0	C	C/C	C/C	C/C	C/C	0.442;0.504;0.505;0.37	0.11550	T;T;T;T	0.455;0.378;0.376;0.455	0.16182	T;T;T;T	0.892;.;.;.	0.49086	P;.;.;.	0.459;.;.;.	0.46380	P;.;.;.	0.000000	0.84330	D	0.000000	1;1;1;1;1	0.81001	D;D;D;D;D	simple_aae;simple_aae;simple_aae;simple_aae;simple_aae	V480I;V417I;V417I;V480I;V417I	1.735;.;.;.	0.44892	L;.;.;.	-0.91;-0.91;-0.91;-0.91	0.75001	T;T;T;T	-0.79;-0.74;-0.74;-0.79	0.21860	N;N;N;N	0.37;0.367;0.374;0.374	0.41557	-0.6135	0.64258	T	0.1936	0.54696	T	9	0.011474878;0.011474878;0.011474878;0.011474878	0.00251	T;T;T;T	.	.	.	0.228;0.228;0.228;0.228	0.52768	.;.;.;.;	.	.;.;.;.;	.;.;.;.;	.;.;.;.;	0.820519295817;0.820519295817;0.820519295817;0.820519295817	0.81883	0.29286169064290984;.;.;.	0.29199	0.119154161537;.;.;.	0.13418	0.584022164345	0.50652	T	0.019734;.;0.014784;.	0.15664
22	19981410	G	A	R	W	rs116398106	22	19968933	22	18348933	233;170;170;233	ARVCF;ARVCF;ARVCF;ARVCF	ENSG00000099889;ENSG00000099889;ENSG00000099889;ENSG00000099889	ENST00000263207;ENST00000401994;ENST00000406522;ENST00000406259	ENSP00000263207;ENSP00000384341;ENSP00000384732;ENSP00000385444	O00192;O00192-2;C9JJX6;E9PDC3	ARVC_HUMAN;ARVC_HUMAN;C9JJX6_HUMAN;E9PDC3_HUMAN	c.697C>T;c.508C>T;c.508C>T;c.697C>T	p.R233W;p.R170W;p.R170W;p.R233W	c.697C>T;c.508C>T;c.508C>T;c.697C>T	p.Arg233Trp;p.Arg170Trp;p.Arg170Trp;p.Arg233Trp	c.697C>T;c.508C>T;c.508C>T;c.697C>T	p.Arg233Trp;p.Arg170Trp;p.Arg170Trp;p.Arg233Trp	principal2;alternative2;.;alternative2	Y;Y;Y;Y	1;5;5;5	YES;.;.;.	-;-;-;-	CGG;CGG;CGG;CGG	1;1;1;1	2;2;2;2	G	G/G	G/G	G/G	G/G	0.002;0.002;0.002;0.002	0.72154	D;D;D;D	0.091;0.017;0.016;0.115	0.60972	T;D;D;T	1.0;.;.;.	0.90584	D;.;.;.	0.857;.;.;.	0.61067	P;.;.;.	0.502488	0.11933	N	0.797101	0.998409;0.998409;0.998409;0.998409;0.998409	0.44873	D;D;D;D;D	simple_aae;simple_aae;simple_aae;simple_aae;simple_aae	R233W;R170W;R170W;R233W;R170W	1.24;.;.;.	0.30952	L;.;.;.	1.45;1.45;1.45;1.45	0.32482	T;T;T;T	-2.17;-1.36;-1.36;-2.17	0.49018	N;N;N;N	0.648;0.646;0.656;0.661	0.67045	-1.0660	0.10316	T	0.1181	0.41495	T	9	0.007165849;0.007165849;0.007165849;0.007165849	0.00163	T;T;T;T	0.108464	0.78501	D	0.149;0.149;0.149;0.149	0.39377	.;.;.;.;	.	.;.;.;.;	.;.;.;.;	.;.;.;.;	0.545173277474;0.545173277474;0.545173277474;0.545173277474	0.54172	0.5709484934942741;.;.;.	0.57022	0.574605071186;.;.;.	0.53488	0.727899551392	0.71199	T	0.030168;.;0.025902;.	0.21449
22	19981448	G	A	P	L	rs2073748	22	19968971	22	18348971	220;157;157;220	ARVCF;ARVCF;ARVCF;ARVCF	ENSG00000099889;ENSG00000099889;ENSG00000099889;ENSG00000099889	ENST00000263207;ENST00000401994;ENST00000406522;ENST00000406259	ENSP00000263207;ENSP00000384341;ENSP00000384732;ENSP00000385444	O00192;O00192-2;C9JJX6;E9PDC3	ARVC_HUMAN;ARVC_HUMAN;C9JJX6_HUMAN;E9PDC3_HUMAN	c.659C>T;c.470C>T;c.470C>T;c.659C>T	p.P220L;p.P157L;p.P157L;p.P220L	c.659C>T;c.470C>T;c.470C>T;c.659C>T	p.Pro220Leu;p.Pro157Leu;p.Pro157Leu;p.Pro220Leu	c.659C>T;c.470C>T;c.470C>T;c.659C>T	p.Pro220Leu;p.Pro157Leu;p.Pro157Leu;p.Pro220Leu	principal2;alternative2;.;alternative2	Y;Y;Y;Y	1;5;5;5	YES;.;.;.	-;-;-;-	CCA;CCA;CCA;CCA	2;2;2;2	0;0;0;0	G	A/A	A/A	A/A	A/A	0.063;0.077;0.034;0.028	0.46129	T;T;D;D	0.065;0.475;0.458;0.074	0.44702	T;T;T;T	0.0;.;.;.	0.02946	B;.;.;.	0.001;.;.;.	0.04355	B;.;.;.	0.002506	0.36425	N	0.259697	0.986237;0.986237;0.986237;0.986237;0.986237	0.24636	P;P;P;P;P	simple_aae;simple_aae;simple_aae;simple_aae;simple_aae	P220L;P157L;P157L;P220L;P157L	-0.69;.;.;.	0.01958	N;.;.;.	1.57;1.57;1.57;1.57	0.29342	T;T;T;T	-0.84;-0.58;-0.58;-0.84	0.22944	N;N;N;N	0.092;0.085;0.101;0.066	0.08366	-0.9173	0.45918	T	0.0000	0.00011	T	8	0.0001924038;0.0001924038;0.0001924038;0.0001924038	0.00010	T;T;T;T	.	.	.	0.024;0.024;0.024;0.024	0.04979	.;.;.;.;	.	.;.;.;.;	.;.;.;.;	.;.;.;.;	.;.;.;.	.	0.5260675767245611;.;.;.	0.52530	0.120437587536;.;.;.	0.13563	0.591375887394	0.51688	T	0.013601;.;0.009816;.	0.11736
22	19981520	C	T	R	Q	rs80068543	22	19969043	22	18349043	196;133;133;196	ARVCF;ARVCF;ARVCF;ARVCF	ENSG00000099889;ENSG00000099889;ENSG00000099889;ENSG00000099889	ENST00000263207;ENST00000401994;ENST00000406522;ENST00000406259	ENSP00000263207;ENSP00000384341;ENSP00000384732;ENSP00000385444	O00192;O00192-2;C9JJX6;E9PDC3	ARVC_HUMAN;ARVC_HUMAN;C9JJX6_HUMAN;E9PDC3_HUMAN	c.587G>A;c.398G>A;c.398G>A;c.587G>A	p.R196Q;p.R133Q;p.R133Q;p.R196Q	c.587G>A;c.398G>A;c.398G>A;c.587G>A	p.Arg196Gln;p.Arg133Gln;p.Arg133Gln;p.Arg196Gln	c.587G>A;c.398G>A;c.398G>A;c.587G>A	p.Arg196Gln;p.Arg133Gln;p.Arg133Gln;p.Arg196Gln	principal2;alternative2;.;alternative2	Y;Y;Y;Y	1;5;5;5	YES;.;.;.	-;-;-;-	CGG;CGG;CGG;CGG	2;2;2;2	0;0;0;0	C	C/C	C/C	C/C	C/C	0.361;0.366;0.365;0.361	0.11882	T;T;T;T	0.5;0.528;0.526;0.507	0.11190	T;T;T;T	0.0;.;.;.	0.02946	B;.;.;.	0.001;.;.;.	0.04355	B;.;.;.	0.147045	0.18093	N	0.420365	0.569979;0.569979;0.569979;0.569979;0.569979	0.32285	D;D;D;D;D	simple_aae;simple_aae;simple_aae;simple_aae;simple_aae	R196Q;R133Q;R133Q;R196Q;R133Q	-0.55;.;.;.	0.02420	N;.;.;.	1.58;1.58;1.58;1.58	0.29085	T;T;T;T	-0.14;0.12;0.12;-0.14	0.09135	N;N;N;N	0.035;0.034;0.041;0.021	0.01421	-1.0494	0.14565	T	0.0067	0.02282	T	9	0.0019550025;0.0019550025;0.0019550025;0.0019550025	0.00027	T;T;T;T	.	.	.	0.193;0.193;0.193;0.193	0.47281	.;.;.;.;	.	.;.;.;.;	.;.;.;.;	.;.;.;.;	.;.;.;.	.	0.5928815236867438;.;.;.	0.59218	0.136607991538;.;.;.	0.15408	0.544532954693	0.45087	T	0.004298;.;0.007211;.	0.06625
22	19981583	A	G	V	A	rs2240717	22	19969106	22	18349106	175;112;112;175	ARVCF;ARVCF;ARVCF;ARVCF	ENSG00000099889;ENSG00000099889;ENSG00000099889;ENSG00000099889	ENST00000263207;ENST00000401994;ENST00000406522;ENST00000406259	ENSP00000263207;ENSP00000384341;ENSP00000384732;ENSP00000385444	O00192;O00192-2;C9JJX6;E9PDC3	ARVC_HUMAN;ARVC_HUMAN;C9JJX6_HUMAN;E9PDC3_HUMAN	c.524T>C;c.335T>C;c.335T>C;c.524T>C	p.V175A;p.V112A;p.V112A;p.V175A	c.524T>C;c.335T>C;c.335T>C;c.524T>C	p.Val175Ala;p.Val112Ala;p.Val112Ala;p.Val175Ala	c.524T>C;c.335T>C;c.335T>C;c.524T>C	p.Val175Ala;p.Val112Ala;p.Val112Ala;p.Val175Ala	principal2;alternative2;.;alternative2	Y;Y;Y;Y	1;5;5;5	YES;.;.;.	-;-;-;-	GTG;GTG;GTG;GTG	2;2;2;2	0;0;0;0	G	G/G	G/G	G/G	G/G	0.531;0.524;0.523;0.526	0.07187	T;T;T;T	0.572;0.58;0.578;0.597	0.08746	T;T;T;T	0.0;.;.;.	0.02946	B;.;.;.	0.0;.;.;.	0.01387	B;.;.;.	0.630796	0.05811	N	1.179390	1;1;1;1;1	0.08975	P;P;P;P;P	simple_aae;simple_aae;simple_aae;simple_aae;simple_aae	V175A;V112A;V175A;V112A;V112A	-0.55;.;.;.	0.02420	N;.;.;.	1.63;1.63;1.63;1.63	0.28002	T;T;T;T	0.35;0.3;0.3;0.35	0.04091	N;N;N;N	0.022;0.021;0.021;0.015	0.00372	-0.9247	0.44901	T	0.0000	0.00011	T	8	1.6412936e-05;1.6412936e-05;1.6412936e-05;1.6412936e-05	0.00007	T;T;T;T	.	.	.	0.057;0.057;0.057;0.057	0.16321	.;.;.;.;	.	.;.;.;.;	.;.;.;.;	.;.;.;.;	.;.;.;.	.	0.3395723785327971;.;.;.	0.33870	0.14237696093;.;.;.	0.16047	0.618376910686	0.55499	T	0.005913;.;0.002466;.	0.05354
22	19990695	G	A	R	W	rs116782322	22	19978218	22	18358218	34;34	ARVCF;ARVCF	ENSG00000099889;ENSG00000099889	ENST00000263207;ENST00000406259	ENSP00000263207;ENSP00000385444	O00192;E9PDC3	ARVC_HUMAN;E9PDC3_HUMAN	c.100C>T;c.100C>T	p.R34W;p.R34W	c.100C>T;c.100C>T	p.Arg34Trp;p.Arg34Trp	c.100C>T;c.100C>T	p.Arg34Trp;p.Arg34Trp	principal2;alternative2	Y;Y	1;5	YES;.	-;-	CGG;CGG	1;1	2;2	G	G/G	G/G	G/G	G/G	0.0;0.0	0.91255	D;D	0.0;0.0	0.92824	D;D	1.0;.	0.90584	D;.	0.993;.	0.81110	D;.	0.000003	0.62929	D	0.000000	0.999983;0.999983	0.54805	D;D	simple_aae;simple_aae	R34W;R34W	2.12;.	0.58754	M;.	1.36;1.36	0.34452	T;T	-3.72;-3.72	0.70793	D;D	0.871;0.904	0.90476	-0.9945	0.31432	T	0.0697	0.28478	T	9	0.009709358;0.009709358	0.00218	T;T	.	.	.	0.236;0.236	0.53931	.;.;	.	.;.;	.;.;	.;.;	0.586235444834;0.586235444834	0.58297	0.6013484238899576;.	0.60065	0.573524907087;.	0.53405	0.743897736073	0.73546	T	0.122508;.	0.44622
22	21643930	G	A	D	N	rs61739341	22	21998219	22	20328219	141	SDF2L1	ENSG00000128228	ENST00000248958	ENSP00000248958	Q9HCN8	SDF2L_HUMAN	c.421G>A	p.D141N	c.421G>A	p.Asp141Asn	c.421G>A	p.Asp141Asn	principal1	Y	1	YES	+	GAC	1	0	G	G/G	G/G	G/G	G/G	0.619	0.05325	T	0.546	0.09555	T	0.028	0.19712	B	0.017	0.18140	B	0.000190	0.48115	D	0.207643	0.999995	0.58761	D	simple_aae	D141N	1.11	0.28643	L	-2.19	0.86815	D	-0.33	0.12472	N	0.203	0.22486	-0.6178	0.64080	T	0.2487	0.61809	T	10	0.009006023	0.00204	T	.	.	.	0.246	0.55340	.;	.	.;	.;	.;	0.968616144001	0.96827	0.6779724289017327	0.67736	1.16675056428	0.79655	0.506293296814	0.39705	T	0.126836	0.45347
22	21643991	G	A	R	H	rs73166641	22	21998280	22	20328280	161	SDF2L1	ENSG00000128228	ENST00000248958	ENSP00000248958	Q9HCN8	SDF2L_HUMAN	c.482G>A	p.R161H	c.482G>A	p.Arg161His	c.482G>A	p.Arg161His	principal1	Y	1	YES	+	CGC	2	0	G	G/G	G/G	G/G	G/G	0.003	0.68238	D	0.007	0.69154	D	1.0	0.90584	D	0.998	0.88582	D	0.000000	0.84330	D	0.000000	1	0.81001	D	simple_aae	R161H	3.455	0.92281	M	-2.35	0.88066	D	-4.08	0.74742	D	0.346	0.38746	0.7002	0.93177	D	0.7859	0.92733	D	10	0.016542614	0.00349	T	.	.	.	0.865	0.95912	.;	.	.;	.;	.;	.	.	0.830167519401253	0.82975	1.61965087899	0.89044	0.595771789551	0.52308	T	0.857296	0.96803
22	21962782	A	G	L	P	rs114712273	22	22317154	22	20647154	439;439	TOP3B;TOP3B	ENSG00000100038;ENSG00000100038	ENST00000357179;ENST00000398793	ENSP00000349705;ENSP00000381773	O95985;O95985	TOP3B_HUMAN;TOP3B_HUMAN	c.1316T>C;c.1316T>C	p.L439P;p.L439P	c.1316T>C;c.1316T>C	p.Leu439Pro;p.Leu439Pro	c.1316T>C;c.1316T>C	p.Leu439Pro;p.Leu439Pro	principal1;principal1	Y;Y	1;1	.;YES	-;-	CTC;CTC	2;2	0;0	A	A/A	A/A	A/A	A/A	0.333;0.333	0.13003	T;T	0.314;0.314	0.19480	T;T	0.159;0.159	0.28304	B;B	0.167;0.167	0.35118	B;B	0.459763	0.12406	N	0.774286	0.987681;0.987681;0.987681	0.40632	D;D;D	simple_aae;simple_aae;simple_aae	L439P;L439P;L168P	0.66;0.66	0.16226	N;N	1.96;1.96	0.22270	T;T	-1.27;-1.27	0.31981	N;N	0.463;0.462	0.49965	-1.0883	0.05821	T	0.0601	0.25127	T	10	0.021778882;0.021778882	0.00528	T;T	0.01948	0.41853	T	0.101;0.101	0.28911	.;.;	.	.;.;	.;.;	.;.;	0.341226946553;0.341226946553	0.33730	.;0.8454391284058901	0.84504	.;0.765883629124	0.64500	0.320139348507	0.13443	T	0.085422;0.085422	0.37498
22	21964166	C	T	D	N	rs9610728	22	22318538	22	20648538	365;365	TOP3B;TOP3B	ENSG00000100038;ENSG00000100038	ENST00000357179;ENST00000398793	ENSP00000349705;ENSP00000381773	O95985;O95985	TOP3B_HUMAN;TOP3B_HUMAN	c.1093G>A;c.1093G>A	p.D365N;p.D365N	c.1093G>A;c.1093G>A	p.Asp365Asn;p.Asp365Asn	c.1093G>A;c.1093G>A	p.Asp365Asn;p.Asp365Asn	principal1;principal1	Y;Y	1;1	.;YES	-;-	GAC;GAC	1;1	0;0	C	C/C	C/C	C/C	C/C	0.298;0.298	0.14595	T;T	0.448;0.448	0.13030	T;T	0.011;0.011	0.15914	B;B	0.006;0.006	0.12133	B;B	0.000074	0.52346	N	0.198902	0.000902488;0.000902488;0.000543667	0.47118	P;P;P	simple_aae;simple_aae;simple_aae	D365N;D365N;D94N	1.53;1.53	0.38800	L;L	2.0;2.0	0.21473	T;T	-1.57;-1.57	0.37955	N;N	0.044;0.041	0.01658	-1.0327	0.19586	T	0.0004	0.00152	T	9	0.0018900633;0.0018900633	0.00026	T;T	.	.	.	0.051;0.051	0.14325	.;.;	.	.;.;	.;.;	.;.;	.;.	.	.;0.30851937059872575	0.30764	.;0.454500941482	0.45143	0.388510942459	0.23459	T	0.094716;0.094716	0.39473
22	23146672	C	T	A	V	rs61747143	22	23488859	22	21818859	85;85	RAB36;RAB36	ENSG00000100228;ENSG00000100228	ENST00000263116;ENST00000341989	ENSP00000263116;ENSP00000343494	O95755;O95755-2	RAB36_HUMAN;RAB36_HUMAN	c.254C>T;c.254C>T	p.A85V;p.A85V	c.254C>T;c.254C>T	p.Ala85Val;p.Ala85Val	c.254C>T;c.254C>T	p.Ala85Val;p.Ala85Val	principal1;.	Y;Y	1;1	YES;.	+;+	GCC;GCC	2;2	0;0	C	C/C	C/C	C/C	C/C	0.117;0.03	0.45393	T;D	0.291;0.434	0.20944	T;T	0.002;0.006	0.13644	B;B	0.006;0.003	0.12133	B;B	0.341307	0.04190	N	1.387130	1;1	0.08975	N;N	simple_aae;simple_aae	A85V;A85V	0.345;0.345	0.11182	N;N	-0.04;0.28	0.63240	T;T	-1.43;-1.43	0.35194	N;N	0.145;0.179	0.19325	-0.9766	0.35772	T	0.1104	0.39747	T	10	0.0065448284;0.0065448284	0.00148	T;T	.	.	.	0.039;0.039	0.10176	.;.;	.	.;.;	.;.;	.;.;	0.720760092979;0.720760092979	0.71829	0.2516224413108119;.	0.25076	0.406584956989;.	0.41534	0.359365522861	0.19293	T	0.021128;.	0.16509
22	23160983	A	G	N	D	rs5759612	22	23503170	22	21833170	308;286	RAB36;RAB36	ENSG00000100228;ENSG00000100228	ENST00000263116;ENST00000341989	ENSP00000263116;ENSP00000343494	O95755;O95755-2	RAB36_HUMAN;RAB36_HUMAN	c.922A>G;c.856A>G	p.N308D;p.N286D	c.922A>G;c.856A>G	p.Asn308Asp;p.Asn286Asp	c.922A>G;c.856A>G	p.Asn308Asp;p.Asn286Asp	principal1;.	Y;Y	1;1	YES;.	+;+	AAT;AAT	1;1	0;0	G	G/G	A/A	G/G	G/G	1.0;1.0	0.00964	T;T	1.0;1.0	0.01155	T;T	0.0;0.0	0.02946	B;B	0.0;0.0	0.01387	B;B	0.035086	0.24688	N	0.419531	1;1	0.08975	P;P	simple_aae;simple_aae	N286D;N308D	-2.015;.	0.00187	N;.	-0.02;0.38	0.62918	T;T	1.17;1.17	0.01121	N;N	0.032;0.032	0.00825	-0.9109	0.46744	T	0.0000	0.00011	T	9	4.161698e-06;4.161698e-06	0.00003	T;T	.	.	.	0.122;0.122	0.33800	.;.;	.	.;.;	.;.;	.;.;	.;.	.	0.23574884530564577;.	0.23489	0.462690307121;.	0.45794	0.371300518513	0.21018	T	0.003155;.	0.02556
22	24183535	T	A	S	T	rs9680526	22	24579503	22	22909503	110	SUSD2	ENSG00000099994	ENST00000358321	ENSP00000351075	Q9UGT4	SUSD2_HUMAN	c.328T>A	p.S110T	c.328T>A	p.Ser110Thr	c.328T>A	p.Ser110Thr	principal1	Y	1	YES	+	TCC	1	0	T	./.	./.	./.	./.	0.576	0.06067	T	0.587	0.08302	T	0.118	0.26577	B	0.016	0.17743	B	0.077219	0.02315	N	1.986640	1	0.08975	N	simple_aae	S110T	2.015	0.55033	M	3.42	0.05507	T	-0.78	0.21644	N	0.055	0.02658	-0.9750	0.36125	T	0.0009	0.00318	T	10	0.002061963	0.00029	T	.	.	.	0.055	0.15663	.;	.	.;	.;	.;	.	.	0.35356553978199845	0.35270	0.16418269462	0.18528	0.285086631775	0.08212	T	0.008833	0.08077
22	24184189	C	G	R	G	rs115180746	22	24580157	22	22910157	165	SUSD2	ENSG00000099994	ENST00000358321	ENSP00000351075	Q9UGT4	SUSD2_HUMAN	c.493C>G	p.R165G	c.493C>G	p.Arg165Gly	c.493C>G	p.Arg165Gly	principal1	Y	1	YES	+	CGT	1	0	C	./.	./.	./.	./.	0.062	0.36912	T	0.033	0.53072	D	0.199	0.29618	B	0.084	0.29270	B	0.122903	0.18937	N	0.475126	1	0.08975	N	simple_aae	R165G	2.52	0.73523	M	3.16	0.07711	T	-2.72	0.57920	D	0.494	0.52740	-1.0009	0.29660	T	0.0091	0.03271	T	10	0.011357635	0.00249	T	.	.	.	0.087	0.25287	.;	.	.;	.;	.;	0.139678290688	0.13603	0.684031615210416	0.68342	0.299774989786	0.32344	0.260827809572	0.04989	T	0.039605	0.25247
22	24185897	A	G	N	S	rs116768581	22	24581865	22	22911865	436	SUSD2	ENSG00000099994	ENST00000358321	ENSP00000351075	Q9UGT4	SUSD2_HUMAN	c.1307A>G	p.N436S	c.1307A>G	p.Asn436Ser	c.1307A>G	p.Asn436Ser	principal1	Y	1	YES	+	AAT	2	0	A	A/A	A/A	A/A	A/A	1.0	0.00964	T	1.0	0.01155	T	0.002	0.09854	B	0.0	0.01387	B	0.000056	0.53742	N	0.220980	0.966264	0.25901	N	simple_aae	N436S	-2.045	0.00177	N	2.3	0.16953	T	1.1	0.01229	N	0.204	0.22614	-0.9638	0.38448	T	0.0051	0.01688	T	10	0.006396085	0.00145	T	.	.	.	0.084	0.24469	.;	.	.;	.;	.;	0.143124449307	0.13826	0.23627711595869275	0.23542	0.141157582291	0.15921	0.351822316647	0.18190	T	0.011139	0.09975
22	24186073	A	G	N	S	rs8141797	22	24582041	22	22912041	466	SUSD2	ENSG00000099994	ENST00000358321	ENSP00000351075	Q9UGT4	SUSD2_HUMAN	c.1397A>G	p.N466S	c.1397A>G	p.Asn466Ser	c.1397A>G	p.Asn466Ser	principal1	Y	1	YES	+	AAT	2	0	A	A/A	A/A	A/A	A/A	0.186	0.21467	T	0.108	0.37589	T	0.568	0.38507	P	0.289	0.40655	B	0.000114	0.50451	N	0.199114	0.513431	0.31628	P	simple_aae	N466S	1.675	0.43121	L	0.25	0.59449	T	-4.19	0.75615	D	0.086	0.06322	-1.0751	0.08328	T	0.0004	0.00152	T	9	0.0050433874	0.00109	T	.	.	.	0.165	0.42395	.;	.	.;	.;	.;	.	.	0.7168903775805576	0.71632	0.235476920305	0.26081	0.380800038576	0.22369	T	0.197652	0.55439
22	24186268	C	T	R	C	rs115684319	22	24582236	22	22912236	499	SUSD2	ENSG00000099994	ENST00000358321	ENSP00000351075	Q9UGT4	SUSD2_HUMAN	c.1495C>T	p.R499C	c.1495C>T	p.Arg499Cys	c.1495C>T	p.Arg499Cys	principal1	Y	1	YES	+	CGT	1	0	C	C/C	C/C	C/C	C/C	0.005	0.63226	D	0.016	0.60972	D	0.999	0.77913	D	0.877	0.62241	P	0.339313	0.13989	N	0.704467	1	0.08975	N	simple_aae	R499C	2.505	0.72935	M	1.99	0.21666	T	-4.35	0.76900	D	0.358	0.39962	-1.0769	0.07962	T	0.0321	0.13811	T	10	0.0060245097	0.00135	T	.	.	.	0.125	0.34456	.;	.	.;	.;	.;	0.319970858106	0.31615	0.690488784415089	0.68988	0.7397739539	0.63186	0.355084568262	0.18668	T	0.174101	0.52320
22	24186269	G	A	R	H	rs114116736	22	24582237	22	22912237	499	SUSD2	ENSG00000099994	ENST00000358321	ENSP00000351075	Q9UGT4	SUSD2_HUMAN	c.1496G>A	p.R499H	c.1496G>A	p.Arg499His	c.1496G>A	p.Arg499His	principal1	Y	1	YES	+	CGT	2	0	G	G/G	G/G	G/G	G/G	0.137	0.25979	T	0.39	0.15506	T	0.995	0.67487	D	0.841	0.60228	P	0.339313	0.13989	N	0.704467	1	0.08975	N	simple_aae	R499H	1.465	0.36909	L	2.02	0.21119	T	-1.96	0.45404	N	0.143	0.14338	-1.0744	0.08472	T	0.0720	0.29227	T	10	0.15827471	0.29766	T	0.026598	0.49493	D	0.037	0.09474	0.56;	0.67958	Q9UGT4;	R499H;	Gain of glycosylation at T496 (P = 0.0843);	0.29385284311	0.29004	0.4779598862435436	0.47715	0.232864007183	0.25818	0.316921204329	0.12955	T	0.027056	0.19894
22	24187576	G	A	V	M	rs116712499	22	24583544	22	22913544	633	SUSD2	ENSG00000099994	ENST00000358321	ENSP00000351075	Q9UGT4	SUSD2_HUMAN	c.1897G>A	p.V633M	c.1897G>A	p.Val633Met	c.1897G>A	p.Val633Met	principal1	Y	1	YES	+	GTG	1	0	G	G/G	G/G	G/G	G/G	0.007	0.59928	D	0.006	0.70582	D	0.993	0.65571	D	0.721	0.54900	P	0.010869	0.29752	N	0.345521	1	0.08975	N	simple_aae	V633M	2.955	0.85029	M	1.81	0.25182	T	-1.74	0.41239	N	0.412	0.45237	-1.0483	0.14875	T	0.0989	0.36907	T	10	0.07703048	0.12108	T	0.025564	0.48532	D	0.094	0.27141	.;	.	.;	.;	.;	0.235038932564	0.23097	0.8229468978169688	0.82251	0.663835845128	0.59036	0.361270308495	0.19571	T	0.068439	0.33456
22	28745929	A	G	I	M	rs17884212	22	29141917	22	27471917	163	HSCB	ENSG00000100209	ENST00000216027	ENSP00000216027	Q8IWL3	HSC20_HUMAN	c.489A>G	p.I163M	c.489A>G	p.Ile163Met	c.489A>G	p.Ile163Met	principal1	Y	1	YES	+	ATA	3	3	G	G/G	G/G	G/G	G/G	1.0	0.00964	T	0.708	0.05563	T	0.0	0.02946	B	0.0	0.01387	B	0.302147	0.14579	N	0.722212	1;0.999999	0.81001	D;N	without_aae;simple_aae	.;I163M	-1.965	0.00208	N	1.74	0.26301	T	2.2	0.00324	N	0.085	0.06190	-0.9923	0.32012	T	0.0011	0.00378	T	10	0.0021761358	0.00031	T	.	.	.	0.038	0.09825	.;	.	.;	.;	.;	0.0551355673512	0.04727	0.2451377851213502	0.24427	0.170922048152	0.19256	0.259720206261	0.04858	T	0.041574	0.25903
22	30460134	G	A	R	C	rs35764129	22	30856121	22	29186121	364;287;287;305	SEC14L3;SEC14L3;SEC14L3;SEC14L3	ENSG00000100012;ENSG00000100012;ENSG00000100012;ENSG00000100012	ENST00000215812;ENST00000540910;ENST00000402286;ENST00000401751	ENSP00000215812;ENSP00000439752;ENSP00000385004;ENSP00000383896	Q9UDX4;Q9UDX4-3;Q9UDX4-3;Q9UDX4-2	S14L3_HUMAN;S14L3_HUMAN;S14L3_HUMAN;S14L3_HUMAN	c.1090C>T;c.859C>T;c.859C>T;c.913C>T	p.R364C;p.R287C;p.R287C;p.R305C	c.1090C>T;c.859C>T;c.859C>T;c.913C>T	p.Arg364Cys;p.Arg287Cys;p.Arg287Cys;p.Arg305Cys	c.1090C>T;c.859C>T;c.859C>T;c.913C>T	p.Arg364Cys;p.Arg287Cys;p.Arg287Cys;p.Arg305Cys	principal1;.;.;.	Y;Y;Y;Y	1;5;1;1	YES;.;.;.	-;-;-;-	CGC;CGC;CGC;CGC	1;1;1;1	0;0;0;0	G	G/G	G/G	G/G	G/G	0.039;0.042;0.042;0.045	0.42487	D;D;D;D	0.089;0.042;0.042;0.043	0.50226	T;D;D;D	0.701;.;.;.	0.41872	P;.;.;.	0.15;.;.;.	0.34161	B;.;.;.	0.000000	0.84330	D	0.000000	1;1;1;1;1;1;1	0.81001	D;D;D;D;D;D;D	simple_aae;simple_aae;simple_aae;simple_aae;simple_aae;without_aae;without_aae	R364C;R287C;R305C;R305C;R287C;.;.	1.145;.;.;.	0.29067	L;.;.;.	1.18;1.18;1.18;1.18	0.37746	T;T;T;T	-6.0;-5.77;-5.77;-5.77	0.89534	D;D;D;D	0.129;0.09;0.096;0.111	0.12341	-1.1375	0.01454	T	0.0040	0.01295	T	10	0.005169511;0.005169511;0.005169511;0.005169511	0.00112	T;T;T;T	.	.	.	0.154;0.154;0.154;0.154	0.40340	.;.;.;.;	.	.;.;.;.;	.;.;.;.;	.;.;.;.;	.;.;.;.	.	0.5895345013025057;.;.;.	0.58883	0.176146248454;.;.;.	0.19829	0.54836165905	0.45626	T	0.094996;.;.;.	0.39530
22	30461386	A	C	D	E	rs2240345	22	30857373	22	29187373	276;335;258;258;276	SEC14L3;SEC14L3;SEC14L3;SEC14L3;SEC14L3	ENSG00000100012;ENSG00000100012;ENSG00000100012;ENSG00000100012;ENSG00000100012	ENST00000403066;ENST00000215812;ENST00000540910;ENST00000402286;ENST00000401751	ENSP00000385941;ENSP00000215812;ENSP00000439752;ENSP00000385004;ENSP00000383896	B5MC44;Q9UDX4;Q9UDX4-3;Q9UDX4-3;Q9UDX4-2	B5MC44_HUMAN;S14L3_HUMAN;S14L3_HUMAN;S14L3_HUMAN;S14L3_HUMAN	c.828T>G;c.1005T>G;c.774T>G;c.774T>G;c.828T>G	p.D276E;p.D335E;p.D258E;p.D258E;p.D276E	c.828T>G;c.1005T>G;c.774T>G;c.774T>G;c.828T>G	p.Asp276Glu;p.Asp335Glu;p.Asp258Glu;p.Asp258Glu;p.Asp276Glu	c.828T>G;c.1005T>G;c.774T>G;c.774T>G;c.828T>G	p.Asp276Glu;p.Asp335Glu;p.Asp258Glu;p.Asp258Glu;p.Asp276Glu	.;principal1;.;.;.	Y;Y;Y;Y;Y	2;1;5;1;1	.;YES;.;.;.	-;-;-;-;-	GAT;GAT;GAT;GAT;GAT	3;3;3;3;3	2;2;2;2;2	C	C/C	C/C	C/C	C/C	1.0;1.0;1.0;1.0;1.0	0.00964	T;T;T;T;T	1.0;1.0;1.0;1.0;1.0	0.01155	T;T;T;T;T	.;0.0;.;.;.	0.02946	.;B;.;.;.	.;0.0;.;.;.	0.01387	.;B;.;.;.	0.000000	0.84330	N	0.000000	0.999998;0.999996;0.999998;0.999996;0.999998;0.999996;0.999998	0.08975	P;P;P;P;P;P;P	simple_aae;simple_aae;simple_aae;simple_aae;simple_aae;simple_aae;simple_aae	D276E;D335E;D258E;D276E;D276E;D276E;D258E	.;-2.565;.;.;.	0.00047	.;N;.;.;.	1.15;1.15;1.15;1.15;1.15	0.38236	T;T;T;T;T	2.69;2.76;2.69;2.69;2.69	0.00192	N;N;N;N;N	0.026;0.041;0.035;0.034;0.034	0.01421	-0.9708	0.37030	T	0.0000	0.00011	T	9	2.9841785e-06;2.9841785e-06;2.9841785e-06;2.9841785e-06;2.9841785e-06	0.00003	T;T;T;T;T	.	.	.	0.128;0.128;0.128;0.128;0.128	0.35103	.;0.267;.;.;.;	0.21418	.;Q9UDX4;.;.;.;	.;D335E;.;.;.;	.;Gain of sheet (P = 0.0827);.;.;.;	.;.;.;.;.	.	.;0.09311933568089076;.;.;.	0.09243	.;0.116934388882;.;.;.	0.13187	0.458390295506	0.33089	T	.;0.004622;.;.;.	0.04028
22	30461658	C	G	V	L	rs114917409	22	30857645	22	29187645	211;270;193;193;211	SEC14L3;SEC14L3;SEC14L3;SEC14L3;SEC14L3	ENSG00000100012;ENSG00000100012;ENSG00000100012;ENSG00000100012;ENSG00000100012	ENST00000403066;ENST00000215812;ENST00000540910;ENST00000402286;ENST00000401751	ENSP00000385941;ENSP00000215812;ENSP00000439752;ENSP00000385004;ENSP00000383896	B5MC44;Q9UDX4;Q9UDX4-3;Q9UDX4-3;Q9UDX4-2	B5MC44_HUMAN;S14L3_HUMAN;S14L3_HUMAN;S14L3_HUMAN;S14L3_HUMAN	c.631G>C;c.808G>C;c.577G>C;c.577G>C;c.631G>C	p.V211L;p.V270L;p.V193L;p.V193L;p.V211L	c.631G>C;c.808G>C;c.577G>C;c.577G>C;c.631G>C	p.Val211Leu;p.Val270Leu;p.Val193Leu;p.Val193Leu;p.Val211Leu	c.631G>C;c.808G>C;c.577G>C;c.577G>C;c.631G>C	p.Val211Leu;p.Val270Leu;p.Val193Leu;p.Val193Leu;p.Val211Leu	.;principal1;.;.;.	Y;Y;Y;Y;Y	2;1;5;1;1	.;YES;.;.;.	-;-;-;-;-	GTG;GTG;GTG;GTG;GTG	1;1;1;1;1	0;0;0;0;0	C	C/C	C/C	C/C	C/C	0.849;0.929;0.931;0.931;0.928	0.02746	T;T;T;T;T	1.0;1.0;1.0;1.0;1.0	0.01155	T;T;T;T;T	.;0.0;.;.;.	0.02946	.;B;.;.;.	.;0.0;.;.;.	0.01387	.;B;.;.;.	0.000001	0.62929	D	0.057245	0.999998;0.999997;0.999998;0.999998;0.999998;0.999998;0.999998	0.58761	D;D;D;D;D;D;D	simple_aae;simple_aae;simple_aae;simple_aae;simple_aae;simple_aae;simple_aae	V211L;V270L;V193L;V211L;V211L;V211L;V193L	.;-0.345;.;.;.	0.03330	.;N;.;.;.	0.31;0.31;1.81;1.81;0.31	0.58613	T;T;T;T;T	-0.56;-0.49;-0.56;-0.56;-0.56	0.17003	N;N;N;N;N	0.735;0.733;0.733;0.734;0.724	0.73555	-1.0491	0.14649	T	0.0272	0.11663	T	10	0.008301944;0.008301944;0.008301944;0.008301944;0.008301944	0.00188	T;T;T;T;T	.	.	.	0.078;0.078;0.078;0.078;0.078	0.22779	.;0.492;.;.;.;	0.57890	.;Q9UDX4;.;.;.;	.;V270L;.;.;.;	.;Loss of helix (P = 0.028);.;.;.;	0.51880533489;0.51880533489;0.51880533489;0.51880533489;0.51880533489	0.51525	.;0.354047608614421;.;.;.	0.35318	.;0.124429324764;.;.;.	0.14008	0.551303803921	0.46041	T	.;0.007573;.;.;.	0.06968
22	30462162	A	C	I	S	rs115111929	22	30858149	22	29188149	173;232;155;155;173	SEC14L3;SEC14L3;SEC14L3;SEC14L3;SEC14L3	ENSG00000100012;ENSG00000100012;ENSG00000100012;ENSG00000100012;ENSG00000100012	ENST00000403066;ENST00000215812;ENST00000540910;ENST00000402286;ENST00000401751	ENSP00000385941;ENSP00000215812;ENSP00000439752;ENSP00000385004;ENSP00000383896	B5MC44;Q9UDX4;Q9UDX4-3;Q9UDX4-3;Q9UDX4-2	B5MC44_HUMAN;S14L3_HUMAN;S14L3_HUMAN;S14L3_HUMAN;S14L3_HUMAN	c.518T>G;c.695T>G;c.464T>G;c.464T>G;c.518T>G	p.I173S;p.I232S;p.I155S;p.I155S;p.I173S	c.518T>G;c.695T>G;c.464T>G;c.464T>G;c.518T>G	p.Ile173Ser;p.Ile232Ser;p.Ile155Ser;p.Ile155Ser;p.Ile173Ser	c.518T>G;c.695T>G;c.464T>G;c.464T>G;c.518T>G	p.Ile173Ser;p.Ile232Ser;p.Ile155Ser;p.Ile155Ser;p.Ile173Ser	.;principal1;.;.;.	Y;Y;Y;Y;Y	2;1;5;1;1	.;YES;.;.;.	-;-;-;-;-	ATC;ATC;ATC;ATC;ATC	2;2;2;2;2	0;0;0;0;0	A	A/A	A/A	A/A	A/A	0.0;0.0;0.0;0.0;0.0	0.91255	D;D;D;D;D	0.001;0.001;0.001;0.001;0.001	0.83351	D;D;D;D;D	.;0.999;.;.;.	0.77913	.;D;.;.;.	.;0.99;.;.;.	0.78936	.;D;.;.;.	0.000000	0.84330	D	0.000000	1;1;1;1;1;1;1	0.81001	D;D;D;D;D;D;D	simple_aae;simple_aae;simple_aae;simple_aae;simple_aae;simple_aae;simple_aae	I173S;I232S;I155S;I173S;I173S;I173S;I155S	.;3.66;.;.;.	0.94269	.;H;.;.;.	-0.4;-0.4;1.14;1.14;-0.4	0.69287	T;T;T;T;T	-5.33;-5.38;-5.33;-5.33;-5.33	0.84954	D;D;D;D;D	0.92;0.918;0.918;0.918;0.916	0.92317	0.4347	0.89610	D	0.5929	0.85451	D	10	0.9274491;0.9274491;0.9274491;0.9274491;0.9274491	0.92091	D;D;D;D;D	0.190097	0.86103	D	0.785;0.785;0.785;0.785;0.785	0.92868	.;.;.;.;.;	.	.;.;.;.;.;	.;.;.;.;.;	.;.;.;.;.;	0.871220755968;0.871220755968;0.871220755968;0.871220755968;0.871220755968	0.86996	.;0.9580133966275783;.;.;.	0.95786	.;0.617236373384;.;.;.	0.56168	0.507848680019	0.39921	T	.;0.527472;.;.;.	0.83586
22	30464843	C	T	R	H	rs2269961	22	30860830	22	29190830	155;214;137;137;155	SEC14L3;SEC14L3;SEC14L3;SEC14L3;SEC14L3	ENSG00000100012;ENSG00000100012;ENSG00000100012;ENSG00000100012;ENSG00000100012	ENST00000403066;ENST00000215812;ENST00000540910;ENST00000402286;ENST00000401751	ENSP00000385941;ENSP00000215812;ENSP00000439752;ENSP00000385004;ENSP00000383896	B5MC44;Q9UDX4;Q9UDX4-3;Q9UDX4-3;Q9UDX4-2	B5MC44_HUMAN;S14L3_HUMAN;S14L3_HUMAN;S14L3_HUMAN;S14L3_HUMAN	c.464G>A;c.641G>A;c.410G>A;c.410G>A;c.464G>A	p.R155H;p.R214H;p.R137H;p.R137H;p.R155H	c.464G>A;c.641G>A;c.410G>A;c.410G>A;c.464G>A	p.Arg155His;p.Arg214His;p.Arg137His;p.Arg137His;p.Arg155His	c.464G>A;c.641G>A;c.410G>A;c.410G>A;c.464G>A	p.Arg155His;p.Arg214His;p.Arg137His;p.Arg137His;p.Arg155His	.;principal1;.;.;.	Y;Y;Y;Y;Y	2;1;5;1;1	.;YES;.;.;.	-;-;-;-;-	CGC;CGC;CGC;CGC;CGC	2;2;2;2;2	0;0;0;0;0	C	T/T	T/T	T/T	T/T	0.003;0.002;0.002;0.002;0.002	0.72154	D;D;D;D;D	0.066;0.138;0.075;0.075;0.076	0.44501	T;T;T;T;T	.;0.999;.;.;.	0.77913	.;D;.;.;.	.;0.916;.;.;.	0.65201	.;D;.;.;.	0.000000	0.84330	D	0.000000	1.08734e-06;1.08734e-06;1.08734e-06;1.08734e-06;1.08734e-06;1.08734e-06;1.08734e-06	0.58761	P;P;P;P;P;P;P	simple_aae;simple_aae;simple_aae;simple_aae;simple_aae;simple_aae;simple_aae	R155H;R155H;R214H;R155H;R137H;R137H;R155H	.;2.52;.;.;.	0.73523	.;M;.;.;.	-1.26;-1.26;-1.26;-1.26;-1.26	0.79176	T;T;T;T;T	-3.56;-3.54;-3.56;-3.56;-3.56	0.68880	D;D;D;D;D	0.116;0.235;0.139;0.138;0.141	0.26475	-1.2690	0.00001	T	0.0000	0.00011	T	9	0.0016919374;0.0016919374;0.0016919374;0.0016919374;0.0016919374	0.00021	T;T;T;T;T	.	.	.	0.436;0.436;0.436;0.436;0.436	0.74093	.;.;.;.;.;	.	.;.;.;.;.;	.;.;.;.;.;	.;.;.;.;.;	.;.;.;.;.	.	.;0.7444453912795695;.;.;.	0.74390	.;0.157787249233;.;.;.	0.17821	0.461020171642	0.33451	T	.;0.320538;.;.;.	0.69172
22	30468542	C	T	R	H	rs115812777	22	30864529	22	29194529	71;130;53;53;71	SEC14L3;SEC14L3;SEC14L3;SEC14L3;SEC14L3	ENSG00000100012;ENSG00000100012;ENSG00000100012;ENSG00000100012;ENSG00000100012	ENST00000403066;ENST00000215812;ENST00000540910;ENST00000402286;ENST00000401751	ENSP00000385941;ENSP00000215812;ENSP00000439752;ENSP00000385004;ENSP00000383896	B5MC44;Q9UDX4;Q9UDX4-3;Q9UDX4-3;Q9UDX4-2	B5MC44_HUMAN;S14L3_HUMAN;S14L3_HUMAN;S14L3_HUMAN;S14L3_HUMAN	c.212G>A;c.389G>A;c.158G>A;c.158G>A;c.212G>A	p.R71H;p.R130H;p.R53H;p.R53H;p.R71H	c.212G>A;c.389G>A;c.158G>A;c.158G>A;c.212G>A	p.Arg71His;p.Arg130His;p.Arg53His;p.Arg53His;p.Arg71His	c.212G>A;c.389G>A;c.158G>A;c.158G>A;c.212G>A	p.Arg71His;p.Arg130His;p.Arg53His;p.Arg53His;p.Arg71His	.;principal1;.;.;.	Y;Y;Y;Y;Y	2;1;5;1;1	.;YES;.;.;.	-;-;-;-;-	CGC;CGC;CGC;CGC;CGC	2;2;2;2;2	0;0;0;0;0	C	C/C	C/C	C/C	C/C	0.44;0.144;0.131;0.131;0.111	0.29029	T;T;T;T;T	0.421;0.226;0.383;0.383;0.428	0.25438	T;T;T;T;T	.;0.334;.;.;.	0.33305	.;B;.;.;.	.;0.166;.;.;.	0.35067	.;B;.;.;.	0.138033	0.18392	N	0.580802	0.57225;0.553826;0.553826;0.553826;0.553826;0.553826;0.553826	0.32304	D;N;N;N;N;N;N	simple_aae;simple_aae;simple_aae;simple_aae;simple_aae;simple_aae;simple_aae	R130H;R71H;R53H;R71H;R71H;R71H;R53H	.;1.765;.;.;.	0.45800	.;L;.;.;.	-1.04;-1.04;-1.04;-1.04;-1.04	0.76561	T;T;T;T;T	-1.02;-1.21;-1.02;-1.02;-1.02	0.30762	N;N;N;N;N	0.301;0.307;0.299;0.298;0.292	0.34659	-0.6909	0.60866	T	0.2892	0.66094	T	10	0.1289072;0.1289072;0.1289072;0.1289072;0.1289072	0.24524	T;T;T;T;T	0.043243	0.60884	D	0.269;0.269;0.269;0.269;0.269	0.58381	.;.;.;.;.;	.	.;.;.;.;.;	.;.;.;.;.;	.;.;.;.;.;	0.702805429145;0.702805429145;0.702805429145;0.702805429145;0.702805429145	0.70022	.;0.4928334021839153;.;.;.	0.49204	.;0.564171943509;.;.;.	0.52816	0.487555682659	0.37100	T	.;0.049241;.;.;.	0.28249
22	30468623	A	G	I	T	rs4820853	22	30864610	22	29194610	44;103;26;26;44	SEC14L3;SEC14L3;SEC14L3;SEC14L3;SEC14L3	ENSG00000100012;ENSG00000100012;ENSG00000100012;ENSG00000100012;ENSG00000100012	ENST00000403066;ENST00000215812;ENST00000540910;ENST00000402286;ENST00000401751	ENSP00000385941;ENSP00000215812;ENSP00000439752;ENSP00000385004;ENSP00000383896	B5MC44;Q9UDX4;Q9UDX4-3;Q9UDX4-3;Q9UDX4-2	B5MC44_HUMAN;S14L3_HUMAN;S14L3_HUMAN;S14L3_HUMAN;S14L3_HUMAN	c.131T>C;c.308T>C;c.77T>C;c.77T>C;c.131T>C	p.I44T;p.I103T;p.I26T;p.I26T;p.I44T	c.131T>C;c.308T>C;c.77T>C;c.77T>C;c.131T>C	p.Ile44Thr;p.Ile103Thr;p.Ile26Thr;p.Ile26Thr;p.Ile44Thr	c.131T>C;c.308T>C;c.77T>C;c.77T>C;c.131T>C	p.Ile44Thr;p.Ile103Thr;p.Ile26Thr;p.Ile26Thr;p.Ile44Thr	.;principal1;.;.;.	Y;Y;Y;Y;Y	2;1;5;1;1	.;YES;.;.;.	-;-;-;-;-	ATT;ATT;ATT;ATT;ATT	2;2;2;2;2	0;0;0;0;0	A	G/G	G/G	G/G	G/G	0.111;0.044;0.048;0.048;0.054	0.41096	T;D;D;D;T	0.041;0.083;0.049;0.049;0.051	0.50514	D;T;D;D;T	.;0.001;.;.;.	0.07471	.;B;.;.;.	.;0.061;.;.;.	0.26820	.;B;.;.;.	0.000146	0.49130	D	0.175010	7.14861e-06;4.30485e-06;7.14861e-06;7.14861e-06;7.14861e-06;7.14861e-06;7.14861e-06	0.58761	P;P;P;P;P;P;P	simple_aae;simple_aae;simple_aae;simple_aae;simple_aae;simple_aae;simple_aae	I26T;I103T;I44T;I26T;I44T;I44T;I44T	.;1.32;.;.;.	0.33002	.;L;.;.;.	-0.99;-0.99;-0.99;-0.99;-0.99	0.75911	T;T;T;T;T	-3.71;-3.49;-3.71;-3.71;-3.71	0.70674	D;D;D;D;D	0.277;0.409;0.296;0.297;0.331	0.44952	-0.9384	0.42869	T	0.0000	0.00011	T	9	0.0010365844;0.0010365844;0.0010365844;0.0010365844;0.0010365844	0.00012	T;T;T;T;T	.	.	.	0.329;0.329;0.329;0.329;0.329	0.65126	.;.;.;.;.;	.	.;.;.;.;.;	.;.;.;.;.;	.;.;.;.;.;	.;.;.;.;.	.	.;0.7176416150525999;.;.;.	0.71707	.;0.172095723204;.;.;.	0.19381	0.555791139603	0.46673	T	.;0.177415;.;.;.	0.52771
22	30470253	G	A	R	W	rs115083767	22	30866240	22	29196240	45	SEC14L3	ENSG00000100012	ENST00000215812	ENSP00000215812	Q9UDX4	S14L3_HUMAN	c.133C>T	p.R45W	c.133C>T	p.Arg45Trp	c.133C>T	p.Arg45Trp	principal1	Y	1	YES	-	CGG	1	2	G	G/G	G/G	G/G	G/G	0.061	0.37118	T	0.0	0.92824	D	0.986	0.61523	D	0.564	0.49695	P	0.000001	0.62929	D	0.056287	0.99999;1;1;1;1;1;1	0.81001	D;D;D;D;D;D;D	simple_aae;without_aae;without_aae;without_aae;without_aae;without_aae;without_aae	R45W;.;.;.;.;.;.	4.42	0.98718	H	-3.07	0.92508	D	-5.21	0.83763	D	0.847	0.84298	0.9032	0.95719	D	0.8689	0.95640	D	10	0.6691158	0.70605	D	0.455613	0.94421	D	0.747	0.91285	.;	.	.;	.;	.;	0.94319088926	0.94260	0.9243661599082056	0.92413	0.595903518009	0.54850	0.579997420311	0.50086	T	0.235751	0.60308
22	30470519	G	A	R	C	rs116155456	22	30866506	22	29196506	40	SEC14L3	ENSG00000100012	ENST00000215812	ENSP00000215812	Q9UDX4	S14L3_HUMAN	c.118C>T	p.R40C	c.118C>T	p.Arg40Cys	c.118C>T	p.Arg40Cys	principal1	Y	1	YES	-	CGC	1	0	G	G/G	G/G	G/G	G/G	0.054	0.38633	T	0.054	0.47097	T	1.0	0.90584	D	0.969	0.72001	D	0.000235	0.47286	D	0.134031	1;1;1;1;1;1;1	0.81001	D;D;D;D;D;D;D	simple_aae;without_aae;without_aae;without_aae;without_aae;without_aae;without_aae	R40C;.;.;.;.;.;.	3.56	0.93364	H	-3.63	0.95111	D	-5.61	0.86686	D	0.697	0.70175	0.5108	0.90699	D	0.6245	0.86792	D	10	0.49811065	0.61387	T	0.350705	0.92260	D	0.924	0.98117	.;	.	.;	.;	.;	0.94844368393	0.94789	0.9237359560580612	0.92350	0.686234272664	0.60323	0.641412138939	0.58765	T	0.2286	0.59419
22	30555239	C	T	R	H	rs112976399	22	30951226	22	29281226	329;329;329;329;329;329	GAL3ST1;GAL3ST1;GAL3ST1;GAL3ST1;GAL3ST1;GAL3ST1	ENSG00000128242;ENSG00000128242;ENSG00000128242;ENSG00000128242;ENSG00000128242;ENSG00000128242	ENST00000406955;ENST00000402321;ENST00000402369;ENST00000338911;ENST00000401975;ENST00000406361	ENSP00000385825;ENSP00000385735;ENSP00000384122;ENSP00000343234;ENSP00000384388;ENSP00000385207	Q99999;Q99999;Q99999;Q99999;Q99999;Q99999	G3ST1_HUMAN;G3ST1_HUMAN;G3ST1_HUMAN;G3ST1_HUMAN;G3ST1_HUMAN;G3ST1_HUMAN	c.986G>A;c.986G>A;c.986G>A;c.986G>A;c.986G>A;c.986G>A	p.R329H;p.R329H;p.R329H;p.R329H;p.R329H;p.R329H	c.986G>A;c.986G>A;c.986G>A;c.986G>A;c.986G>A;c.986G>A	p.Arg329His;p.Arg329His;p.Arg329His;p.Arg329His;p.Arg329His;p.Arg329His	c.986G>A;c.986G>A;c.986G>A;c.986G>A;c.986G>A;c.986G>A	p.Arg329His;p.Arg329His;p.Arg329His;p.Arg329His;p.Arg329His;p.Arg329His	principal1;principal1;principal1;principal1;principal1;principal1	Y;Y;Y;Y;Y;Y	1;2;3;1;1;2	.;YES;.;.;.;.	-;-;-;-;-;-	CGC;CGC;CGC;CGC;CGC;CGC	2;2;2;2;2;2	0;0;0;0;0;0	C	C/C	C/C	C/C	C/C	0.061;0.061;0.061;0.061;0.061;0.061	0.37118	T;T;T;T;T;T	0.034;0.034;0.034;0.034;0.034;0.034	0.52727	D;D;D;D;D;D	0.011;0.011;0.011;0.011;0.011;0.011	0.15914	B;B;B;B;B;B	0.012;0.012;0.012;0.012;0.012;0.012	0.16012	B;B;B;B;B;B	0.145124	0.18156	N	0.618162	0.810202;0.810202;0.810202;0.810202;0.810202;0.810202;0.810202	0.34630	D;D;D;D;D;D;D	simple_aae;simple_aae;simple_aae;simple_aae;simple_aae;simple_aae;simple_aae	R329H;R329H;R329H;R329H;R329H;R329H;R329H	1.715;1.715;1.715;1.715;1.715;1.715	0.44382	L;L;L;L;L;L	2.22;2.22;2.22;2.22;2.22;2.22	0.18248	T;T;T;T;T;T	-2.76;-2.76;-2.76;-2.76;-2.76;-2.76	0.58569	D;D;D;D;D;D	0.14;0.141;0.14;0.14;0.14;0.14	0.14054	-1.1065	0.03388	T	0.0058	0.01944	T	10	0.0021745265;0.0021745265;0.0021745265;0.0021745265;0.0021745265;0.0021745265	0.00031	T;T;T;T;T;T	.	.	.	0.071;0.071;0.071;0.071;0.071;0.071	0.20720	.;.;.;.;.;.;	.	.;.;.;.;.;.;	.;.;.;.;.;.;	.;.;.;.;.;.;	0.550005317886;0.550005317886;0.550005317886;0.550005317886;0.550005317886;0.550005317886	0.54656	.;.;.;.;.;0.3485858648648939	0.34772	.;0.948793949588;.;.;.;.	0.72527	0.470310747623	0.34723	T	0.172861;0.172861;0.172861;0.172861;0.172861;0.172861	0.52151
22	30555495	G	C	R	G	rs114565111	22	30951482	22	29281482	244;244;244;244;244;244;244;245	GAL3ST1;GAL3ST1;GAL3ST1;GAL3ST1;GAL3ST1;GAL3ST1;GAL3ST1;GAL3ST1	ENSG00000128242;ENSG00000128242;ENSG00000128242;ENSG00000128242;ENSG00000128242;ENSG00000128242;ENSG00000128242;ENSG00000128242	ENST00000406955;ENST00000402321;ENST00000402369;ENST00000338911;ENST00000401975;ENST00000406361;ENST00000441967;ENST00000431313	ENSP00000385825;ENSP00000385735;ENSP00000384122;ENSP00000343234;ENSP00000384388;ENSP00000385207;ENSP00000390545;ENSP00000395080	Q99999;Q99999;Q99999;Q99999;Q99999;Q99999;C9JGL4;C9JE31	G3ST1_HUMAN;G3ST1_HUMAN;G3ST1_HUMAN;G3ST1_HUMAN;G3ST1_HUMAN;G3ST1_HUMAN;C9JGL4_HUMAN;C9JE31_HUMAN	c.730C>G;c.730C>G;c.730C>G;c.730C>G;c.730C>G;c.730C>G;.;.	p.R244G;p.R244G;p.R244G;p.R244G;p.R244G;p.R244G;.;.	c.730C>G;c.730C>G;c.730C>G;c.730C>G;c.730C>G;c.730C>G;c.730C>G;c.733C>G	p.Arg244Gly;p.Arg244Gly;p.Arg244Gly;p.Arg244Gly;p.Arg244Gly;p.Arg244Gly;p.Arg244Gly;p.Arg245Gly	c.730C>G;c.730C>G;c.730C>G;c.730C>G;c.730C>G;c.730C>G;c.730C>G;c.733C>G	p.Arg244Gly;p.Arg244Gly;p.Arg244Gly;p.Arg244Gly;p.Arg244Gly;p.Arg244Gly;p.Arg244Gly;p.Arg245Gly	principal1;principal1;principal1;principal1;principal1;principal1;.;.	Y;Y;Y;Y;Y;Y;.;.	1;2;3;1;1;2;5;3	.;YES;.;.;.;.;.;.	-;-;-;-;-;-;-;-	CGT;CGT;CGT;CGT;CGT;CGT;CGT;CGT	1;1;1;1;1;1;1;1	0;0;0;0;0;0;0;0	G	G/G	G/G	G/G	G/G	0.138;0.138;0.138;0.138;0.138;0.138;0.525;0.209	0.25873	T;T;T;T;T;T;T;T	0.373;0.373;0.373;0.373;0.373;0.373;0.249;.	0.23776	T;T;T;T;T;T;T;.	0.001;0.001;0.001;0.001;0.001;0.001;.;.	0.07471	B;B;B;B;B;B;.;.	0.004;0.004;0.004;0.004;0.004;0.004;.;.	0.10090	B;B;B;B;B;B;.;.	0.008207	0.30959	N	0.381500	0.750232;0.750232;0.750232;0.750232;0.750232;0.750232;0.750232	0.33920	D;D;D;D;D;D;D	simple_aae;simple_aae;simple_aae;simple_aae;simple_aae;simple_aae;simple_aae	R244G;R244G;R244G;R244G;R244G;R244G;R244G	1.275;1.275;1.275;1.275;1.275;1.275;.;.	0.32135	L;L;L;L;L;L;.;.	2.28;2.28;2.28;2.28;2.28;2.28;2.28;2.28	0.17271	T;T;T;T;T;T;T;T	-2.26;-2.26;-2.26;-2.26;-2.26;-2.26;-2.47;-2.57	0.55501	N;N;N;N;N;N;N;D	0.199;0.199;0.199;0.2;0.2;0.2;.;.	0.22098	-1.1179	0.02469	T	0.0393	0.16935	T	10	0.0073089898;0.0073089898;0.0073089898;0.0073089898;0.0073089898;0.0073089898;0.0073089898;0.0073089898	0.00166	T;T;T;T;T;T;T;T	0.003691	0.08527	T	0.095;0.095;0.095;0.095;0.095;0.095;0.095;0.095	0.27398	.;.;.;.;.;.;.;.;	.	.;.;.;.;.;.;.;.;	.;.;.;.;.;.;.;.;	.;.;.;.;.;.;.;.;	0.405839309607;0.405839309607;0.405839309607;0.405839309607;0.405839309607;0.405839309607;0.405839309607;0.405839309607	0.40195	.;.;.;.;.;0.5293179815310046;.;.	0.52855	.;0.936450905977;.;.;.;.;.;.	0.72038	0.347014844418	0.17481	T	0.12597;0.12597;0.12597;0.12597;0.12597;0.12597;.;.	0.45204
22	30557308	C	T	V	M	rs2267161	22	30953295	22	29283295	29;29;29;29;29;29;29;29;29;29;29;29;29;29;29;29;29;29;29;29;29;29	GAL3ST1;GAL3ST1;GAL3ST1;GAL3ST1;GAL3ST1;GAL3ST1;GAL3ST1;GAL3ST1;GAL3ST1;GAL3ST1;GAL3ST1;GAL3ST1;GAL3ST1;GAL3ST1;GAL3ST1;GAL3ST1;GAL3ST1;GAL3ST1;GAL3ST1;GAL3ST1;GAL3ST1;GAL3ST1	ENSG00000128242;ENSG00000128242;ENSG00000128242;ENSG00000128242;ENSG00000128242;ENSG00000128242;ENSG00000128242;ENSG00000128242;ENSG00000128242;ENSG00000128242;ENSG00000128242;ENSG00000128242;ENSG00000128242;ENSG00000128242;ENSG00000128242;ENSG00000128242;ENSG00000128242;ENSG00000128242;ENSG00000128242;ENSG00000128242;ENSG00000128242;ENSG00000128242	ENST00000406955;ENST00000402321;ENST00000402369;ENST00000338911;ENST00000401975;ENST00000406361;ENST00000441967;ENST00000431313;ENST00000452827;ENST00000437282;ENST00000416358;ENST00000427899;ENST00000423299;ENST00000443136;ENST00000423371;ENST00000428682;ENST00000453479;ENST00000426220;ENST00000447224;ENST00000411821;ENST00000445645;ENST00000448604	ENSP00000385825;ENSP00000385735;ENSP00000384122;ENSP00000343234;ENSP00000384388;ENSP00000385207;ENSP00000390545;ENSP00000395080;ENSP00000405017;ENSP00000401426;ENSP00000391485;ENSP00000397092;ENSP00000391996;ENSP00000405381;ENSP00000401074;ENSP00000389876;ENSP00000398380;ENSP00000414542;ENSP00000412995;ENSP00000394912;ENSP00000399649;ENSP00000390068	Q99999;Q99999;Q99999;Q99999;Q99999;Q99999;C9JGL4;C9JE31;C9J6M2;C9JYD7;C9J2X7;C9J3S3;C9J993;C9J2M1;C9JTV3;C9JLB5;C9J4I2;C9JKD7;C9JU54;C9JN55;C9K037;C9JIS3	G3ST1_HUMAN;G3ST1_HUMAN;G3ST1_HUMAN;G3ST1_HUMAN;G3ST1_HUMAN;G3ST1_HUMAN;C9JGL4_HUMAN;C9JE31_HUMAN;C9J6M2_HUMAN;C9JYD7_HUMAN;C9J2X7_HUMAN;C9J3S3_HUMAN;C9J993_HUMAN;C9J2M1_HUMAN;C9JTV3_HUMAN;C9JLB5_HUMAN;C9J4I2_HUMAN;C9JKD7_HUMAN;C9JU54_HUMAN;C9JN55_HUMAN;C9K037_HUMAN;C9JIS3_HUMAN	c.85G>A;c.85G>A;c.85G>A;c.85G>A;c.85G>A;c.85G>A;.;.;.;.;.;.;.;.;.;.;.;.;.;.;.;.	p.V29M;p.V29M;p.V29M;p.V29M;p.V29M;p.V29M;.;.;.;.;.;.;.;.;.;.;.;.;.;.;.;.	c.85G>A;c.85G>A;c.85G>A;c.85G>A;c.85G>A;c.85G>A;c.85G>A;c.85G>A;c.85G>A;c.85G>A;c.85G>A;c.85G>A;c.85G>A;c.85G>A;c.85G>A;c.85G>A;c.85G>A;c.85G>A;c.85G>A;c.85G>A;c.85G>A;c.85G>A	p.Val29Met;p.Val29Met;p.Val29Met;p.Val29Met;p.Val29Met;p.Val29Met;p.Val29Met;p.Val29Met;p.Val29Met;p.Val29Met;p.Val29Met;p.Val29Met;p.Val29Met;p.Val29Met;p.Val29Met;p.Val29Met;p.Val29Met;p.Val29Met;p.Val29Met;p.Val29Met;p.Val29Met;p.Val29Met	c.85G>A;c.85G>A;c.85G>A;c.85G>A;c.85G>A;c.85G>A;c.85G>A;c.85G>A;c.85G>A;c.85G>A;c.85G>A;c.85G>A;c.85G>A;c.85G>A;c.85G>A;c.85G>A;c.85G>A;c.85G>A;c.85G>A;c.85G>A;c.85G>A;c.85G>A	p.Val29Met;p.Val29Met;p.Val29Met;p.Val29Met;p.Val29Met;p.Val29Met;p.Val29Met;p.Val29Met;p.Val29Met;p.Val29Met;p.Val29Met;p.Val29Met;p.Val29Met;p.Val29Met;p.Val29Met;p.Val29Met;p.Val29Met;p.Val29Met;p.Val29Met;p.Val29Met;p.Val29Met;p.Val29Met	principal1;principal1;principal1;principal1;principal1;principal1;.;.;.;.;.;.;.;.;.;.;.;.;.;.;.;.	Y;Y;Y;Y;Y;Y;.;.;.;.;.;.;.;.;.;.;.;.;.;.;.;.	1;2;3;1;1;2;5;3;1;5;3;4;4;1;4;4;1;4;4;4;4;4	.;YES;.;.;.;.;.;.;.;.;.;.;.;.;.;.;.;.;.;.;.;.	-;-;-;-;-;-;-;-;-;-;-;-;-;-;-;-;-;-;-;-;-;-	GTG;GTG;GTG;GTG;GTG;GTG;GTG;GTG;GTG;GTG;GTG;GTG;GTG;GTG;GTG;GTG;GTG;GTG;GTG;GTG;GTG;GTG	1;1;1;1;1;1;1;1;1;1;1;1;1;1;1;1;1;1;1;1;1;1	0;0;0;0;0;0;0;0;0;0;0;0;0;0;0;0;0;0;0;0;0;0	C	C/C	C/C	C/C	C/C	0.051;0.051;0.051;0.051;0.051;0.051;0.027;0.065;0.048;0.069;0.06;0.06;0.063;0.065;0.062;0.073;0.076;0.076;0.041;0.047;0.05;0.05	0.46513	T;T;T;T;T;T;D;T;D;T;T;T;T;T;T;T;T;T;D;D;D;D	0.052;0.052;0.052;0.052;0.052;0.052;0.05;.;.;.;.;.;0.039;.;.;.;.;.;.;0.105;.;.	0.51112	T;T;T;T;T;T;T;.;.;.;.;.;D;.;.;.;.;.;.;T;.;.	0.137;0.137;0.137;0.137;0.137;0.137;.;.;.;.;.;.;.;.;.;.;.;.;.;.;.;.	0.27402	B;B;B;B;B;B;.;.;.;.;.;.;.;.;.;.;.;.;.;.;.;.	0.106;0.106;0.106;0.106;0.106;0.106;.;.;.;.;.;.;.;.;.;.;.;.;.;.;.;.	0.31143	B;B;B;B;B;B;.;.;.;.;.;.;.;.;.;.;.;.;.;.;.;.	0.002686	0.36102	N	0.269973	0.925483;0.925483;0.925483;0.925483;0.925483;0.925483;0.925483	0.27191	P;P;P;P;P;P;P	simple_aae;simple_aae;simple_aae;simple_aae;simple_aae;simple_aae;simple_aae	V29M;V29M;V29M;V29M;V29M;V29M;V29M	0.55;0.55;0.55;0.55;0.55;0.55;.;.;.;.;.;.;.;.;.;.;.;.;.;.;.;.	0.14455	N;N;N;N;N;N;.;.;.;.;.;.;.;.;.;.;.;.;.;.;.;.	2.18;2.18;2.18;2.18;2.18;2.18;2.18;2.18;2.18;2.18;2.18;2.18;2.18;2.18;2.18;2.18;2.18;2.18;2.18;2.18;2.18;2.18	0.18875	T;T;T;T;T;T;T;T;T;T;T;T;T;T;T;T;T;T;T;T;T;T	0.16;0.16;0.16;0.16;0.16;0.16;-0.09;-0.25;0.02;0.02;-0.05;0.01;0.01;0.05;0.3;0.13;0.14;0.14;0.37;0.27;0.16;0.16	0.11008	N;N;N;N;N;N;N;N;N;N;N;N;N;N;N;N;N;N;N;N;N;N	0.098;0.094;0.097;0.093;0.097;0.095;.;.;.;.;.;.;.;.;.;.;.;.;.;.;.;.	0.07949	-0.8934	0.48632	T	0.0000	0.00011	T	9	0.0048956573;0.0048956573;0.0048956573;0.0048956573;0.0048956573;0.0048956573;0.0048956573;0.0048956573;0.0048956573;0.0048956573;0.0048956573;0.0048956573;0.0048956573;0.0048956573;0.0048956573;0.0048956573;0.0048956573;0.0048956573;0.0048956573;0.0048956573;0.0048956573;0.0048956573	0.00104	T;T;T;T;T;T;T;T;T;T;T;T;T;T;T;T;T;T;T;T;T;T	.	.	.	0.034;0.034;0.034;0.034;0.034;0.034;0.034;0.034;0.034;0.034;0.034;0.034;0.034;0.034;0.034;0.034;0.034;0.034;0.034;0.034;0.034;0.034	0.08419	.;.;.;.;.;.;.;.;.;.;.;.;.;.;.;.;.;.;.;.;.;.;	.	.;.;.;.;.;.;.;.;.;.;.;.;.;.;.;.;.;.;.;.;.;.;	.;.;.;.;.;.;.;.;.;.;.;.;.;.;.;.;.;.;.;.;.;.;	.;.;.;.;.;.;.;.;.;.;.;.;.;.;.;.;.;.;.;.;.;.;	.;.;.;.;.;.;.;.;.;.;.;.;.;.;.;.;.;.;.;.;.;.	.	.;.;.;.;.;0.47986251990706313;.;.;.;.;.;.;.;.;.;.;.;.;.;.;.;.	0.47906	.;0.917161486374;.;.;.;.;.;.;.;.;.;.;.;.;.;.;.;.;.;.;.;.	0.71281	0.413403153419	0.26927	T	0.062944;0.062944;0.062944;0.062944;0.062944;0.062944;.;.;.;.;.;.;.;.;.;.;.;.;.;.;.;.	0.32049
22	31089937	C	T	P	L	rs113930388	22	31485923	22	29815923	237;237;237;291;293	SMTN;SMTN;SMTN;SMTN;SMTN	ENSG00000183963;ENSG00000183963;ENSG00000183963;ENSG00000183963;ENSG00000183963	ENST00000358743;ENST00000347557;ENST00000333137;ENST00000619644;ENST00000612341	ENSP00000351593;ENSP00000328635;ENSP00000329532;ENSP00000484398;ENSP00000479578	P53814-6;P53814;P53814-5;A0A087X1R1;A0A087WVP4	SMTN_HUMAN;SMTN_HUMAN;SMTN_HUMAN;A0A087X1R1_HUMAN;A0A087WVP4_HUMAN	c.710C>T;c.710C>T;c.710C>T;c.872C>T;c.878C>T	p.P237L;p.P237L;p.P237L;p.P291L;p.P293L	c.710C>T;c.710C>T;c.710C>T;c.872C>T;c.878C>T	p.Pro237Leu;p.Pro237Leu;p.Pro237Leu;p.Pro291Leu;p.Pro293Leu	c.710C>T;c.710C>T;c.710C>T;c.872C>T;c.878C>T	p.Pro237Leu;p.Pro237Leu;p.Pro237Leu;p.Pro291Leu;p.Pro293Leu	principal4;.;alternative2;.;alternative2	Y;Y;Y;Y;Y	2;1;1;2;2	.;.;.;YES;.	+;+;+;+;+	CCC;CCC;CCC;CCC;CCC	2;2;2;2;2	0;0;0;0;0	C	./.	./.	./.	./.	0.468;0.522;0.55;.;.	0.08534	T;T;T;.;.	0.338;0.337;0.347;0.415;0.373	0.18178	T;T;T;T;T	.;0.001;0.004;.;.	0.12183	.;B;B;.;.	.;0.003;0.006;.;.	0.12133	.;B;B;.;.	0.042311	0.23855	N	0.213542	0.99977;0.99977;0.99977	0.20412	N;N;N	simple_aae;simple_aae;simple_aae	P237L;P237L;P237L	0.55;0.55;0.55;.;.	0.14455	N;N;N;.;.	0.21;-0.21;-0.21;.;.	0.66294	T;T;T;.;.	-0.12;-0.12;-0.12;.;.	0.08809	N;N;N;.;.	0.182;0.205;0.181;0.19;0.184	0.22742	-1.1020	0.03857	T	0.0232	0.09878	T	10	0.0020970106;0.0020970106;0.0020970106;0.0020970106;0.0020970106	0.00030	T;T;T;T;T	.	.	.	0.032;0.032;0.032;.;.	0.07718	.;.;.;.;.;	.	.;.;.;.;.;	.;.;.;.;.;	.;.;.;.;.;	0.0675242888579;0.0675242888579;0.0675242888579;0.0675242888579;0.0675242888579	0.06100	.;.;.;0.14804996781296115;.	0.14726	0.161918734125;.;.;.;.	0.18264	0.375780403614	0.21658	T	.;0.059862;.;.;0.012605	0.31230
22	31091696	C	T	A	V	rs11913728	22	31487682	22	29817682	494;494;494;548;550	SMTN;SMTN;SMTN;SMTN;SMTN	ENSG00000183963;ENSG00000183963;ENSG00000183963;ENSG00000183963;ENSG00000183963	ENST00000358743;ENST00000347557;ENST00000333137;ENST00000619644;ENST00000612341	ENSP00000351593;ENSP00000328635;ENSP00000329532;ENSP00000484398;ENSP00000479578	P53814-6;P53814;P53814-5;A0A087X1R1;A0A087WVP4	SMTN_HUMAN;SMTN_HUMAN;SMTN_HUMAN;A0A087X1R1_HUMAN;A0A087WVP4_HUMAN	c.1481C>T;c.1481C>T;c.1481C>T;c.1643C>T;c.1649C>T	p.A494V;p.A494V;p.A494V;p.A548V;p.A550V	c.1481C>T;c.1481C>T;c.1481C>T;c.1643C>T;c.1649C>T	p.Ala494Val;p.Ala494Val;p.Ala494Val;p.Ala548Val;p.Ala550Val	c.1481C>T;c.1481C>T;c.1481C>T;c.1643C>T;c.1649C>T	p.Ala494Val;p.Ala494Val;p.Ala494Val;p.Ala548Val;p.Ala550Val	principal4;.;alternative2;.;alternative2	Y;Y;Y;Y;Y	2;1;1;2;2	.;.;.;YES;.	+;+;+;+;+	GCG;GCG;GCG;GCG;GCG	2;2;2;2;2	0;0;0;0;0	C	C/C	C/C	C/C	C/C	0.002;0.002;0.002;.;.	0.72154	D;D;D;.;.	0.122;0.127;0.099;0.006;0.077	0.70582	T;T;T;D;T	.;0.858;0.967;.;.	0.56408	.;P;D;.;.	.;0.084;0.407;.;.	0.44712	.;B;B;.;.	0.004936	0.33255	N	0.000000	0.960685;0.960685;0.960685	0.26137	N;N;N	simple_aae;simple_aae;simple_aae	A494V;A494V;A494V	1.905;1.905;1.905;.;.	0.50856	L;L;L;.;.	-0.2;-0.63;-0.63;.;.	0.72011	T;T;T;.;.	-0.4;-0.4;-0.45;.;.	0.14782	N;N;N;.;.	0.28;0.276;0.227;0.285;0.333	0.37405	-0.8654	0.50871	T	0.0725	0.29387	T	10	0.0031379163;0.0031379163;0.0031379163;0.0031379163;0.0031379163	0.00052	T;T;T;T;T	.	.	.	0.123;0.123;0.123;.;.	0.34020	.;.;.;.;.;	.	.;.;.;.;.;	.;.;.;.;.;	.;.;.;.;.;	0.454230716677;0.454230716677;0.454230716677;0.454230716677;0.454230716677	0.45044	.;.;.;0.5092683881800126;.	0.50848	0.286903090701;.;.;.;.	0.31084	0.371816009283	0.21092	T	.;0.150696;.;.;0.022496	0.49029
22	31091747	G	A	R	H	rs116593437	22	31487733	22	29817733	511;511;511;565;567	SMTN;SMTN;SMTN;SMTN;SMTN	ENSG00000183963;ENSG00000183963;ENSG00000183963;ENSG00000183963;ENSG00000183963	ENST00000358743;ENST00000347557;ENST00000333137;ENST00000619644;ENST00000612341	ENSP00000351593;ENSP00000328635;ENSP00000329532;ENSP00000484398;ENSP00000479578	P53814-6;P53814;P53814-5;A0A087X1R1;A0A087WVP4	SMTN_HUMAN;SMTN_HUMAN;SMTN_HUMAN;A0A087X1R1_HUMAN;A0A087WVP4_HUMAN	c.1532G>A;c.1532G>A;c.1532G>A;c.1694G>A;c.1700G>A	p.R511H;p.R511H;p.R511H;p.R565H;p.R567H	c.1532G>A;c.1532G>A;c.1532G>A;c.1694G>A;c.1700G>A	p.Arg511His;p.Arg511His;p.Arg511His;p.Arg565His;p.Arg567His	c.1532G>A;c.1532G>A;c.1532G>A;c.1694G>A;c.1700G>A	p.Arg511His;p.Arg511His;p.Arg511His;p.Arg565His;p.Arg567His	principal4;.;alternative2;.;alternative2	Y;Y;Y;Y;Y	2;1;1;2;2	.;.;.;YES;.	+;+;+;+;+	CGT;CGT;CGT;CGT;CGT	2;2;2;2;2	0;0;0;0;0	G	G/G	G/G	G/G	G/G	1.0;1.0;1.0;.;.	0.00964	T;T;T;.;.	0.277;0.263;0.262;0.27;0.278	0.22895	T;T;T;T;T	.;0.001;0.003;.;.	0.11197	.;B;B;.;.	.;0.001;0.002;.;.	0.06944	.;B;B;.;.	0.068792	0.21649	N	0.236513	0.999999;0.999999;0.999999	0.08975	N;N;N	simple_aae;simple_aae;simple_aae	R511H;R511H;R511H	-1.355;-1.355;-1.355;.;.	0.00654	N;N;N;.;.	0.18;-0.24;-0.24;.;.	0.66834	T;T;T;.;.	-0.1;-0.1;-0.19;.;.	0.09965	N;N;N;.;.	0.111;0.099;0.09;0.111;0.136	0.13341	-1.0143	0.25561	T	0.0550	0.23224	T	10	0.0018469095;0.0018469095;0.0018469095;0.0018469095;0.0018469095	0.00025	T;T;T;T;T	.	.	.	0.039;0.039;0.039;.;.	0.10176	.;.;.;.;.;	.	.;.;.;.;.;	.;.;.;.;.;	.;.;.;.;.;	0.248133497653;0.248133497653;0.248133497653;0.248133497653;0.248133497653	0.24425	.;.;.;0.2692496133024668;.	0.26837	0.196804405549;.;.;.;.	0.22053	0.224543750286	0.01588	T	.;0.032808;.;.;0.002819	0.22648
22	31091807	G	A	S	N	rs114015937	22	31487793	22	29817793	531;531;531;585;587	SMTN;SMTN;SMTN;SMTN;SMTN	ENSG00000183963;ENSG00000183963;ENSG00000183963;ENSG00000183963;ENSG00000183963	ENST00000358743;ENST00000347557;ENST00000333137;ENST00000619644;ENST00000612341	ENSP00000351593;ENSP00000328635;ENSP00000329532;ENSP00000484398;ENSP00000479578	P53814-6;P53814;P53814-5;A0A087X1R1;A0A087WVP4	SMTN_HUMAN;SMTN_HUMAN;SMTN_HUMAN;A0A087X1R1_HUMAN;A0A087WVP4_HUMAN	c.1592G>A;c.1592G>A;c.1592G>A;c.1754G>A;c.1760G>A	p.S531N;p.S531N;p.S531N;p.S585N;p.S587N	c.1592G>A;c.1592G>A;c.1592G>A;c.1754G>A;c.1760G>A	p.Ser531Asn;p.Ser531Asn;p.Ser531Asn;p.Ser585Asn;p.Ser587Asn	c.1592G>A;c.1592G>A;c.1592G>A;c.1754G>A;c.1760G>A	p.Ser531Asn;p.Ser531Asn;p.Ser531Asn;p.Ser585Asn;p.Ser587Asn	principal4;.;alternative2;.;alternative2	Y;Y;Y;Y;Y	2;1;1;2;2	.;.;.;YES;.	+;+;+;+;+	AGC;AGC;AGC;AGC;AGC	2;2;2;2;2	0;0;0;0;0	G	./.	./.	./.	./.	0.153;0.155;0.154;.;.	0.24372	T;T;T;.;.	0.335;0.339;0.374;0.22;0.318	0.25907	T;T;T;T;T	.;0.993;0.885;.;.	0.65571	.;D;P;.;.	.;0.968;0.579;.;.	0.71741	.;D;P;.;.	.	.	.	.	0.750295;0.750295;0.750295	0.33921	D;D;D	simple_aae;simple_aae;simple_aae	S531N;S531N;S531N	2.35;2.35;2.35;.;.	0.67516	M;M;M;.;.	0.02;-0.53;-0.52;.;.	0.70833	T;T;T;.;.	-0.19;-0.19;-0.04;.;.	0.09965	N;N;N;.;.	0.446;0.298;0.353;0.328;0.464	0.50056	-0.3367	0.73939	T	0.3585	0.72069	T	9	0.06614348;0.06614348;0.06614348;0.06614348;0.06614348	0.09028	T;T;T;T;T	0.019571	0.41966	T	0.110;0.110;0.110;.;.	0.31079	.;.;.;.;.;	.	.;.;.;.;.;	.;.;.;.;.;	.;.;.;.;.;	0.505773490651;0.505773490651;0.505773490651;0.505773490651;0.505773490651	0.50217	.;.;.;0.27843357127018487;.	0.27756	0.292350971707;.;.;.;.	0.31646	0.462019622326	0.33588	T	.;0.058464;.;.;0.008199	0.30848
22	31091828	G	A	R	Q	rs115143483	22	31487814	22	29817814	538;538;538;592;594	SMTN;SMTN;SMTN;SMTN;SMTN	ENSG00000183963;ENSG00000183963;ENSG00000183963;ENSG00000183963;ENSG00000183963	ENST00000358743;ENST00000347557;ENST00000333137;ENST00000619644;ENST00000612341	ENSP00000351593;ENSP00000328635;ENSP00000329532;ENSP00000484398;ENSP00000479578	P53814-6;P53814;P53814-5;A0A087X1R1;A0A087WVP4	SMTN_HUMAN;SMTN_HUMAN;SMTN_HUMAN;A0A087X1R1_HUMAN;A0A087WVP4_HUMAN	c.1613G>A;c.1613G>A;c.1613G>A;c.1775G>A;c.1781G>A	p.R538Q;p.R538Q;p.R538Q;p.R592Q;p.R594Q	c.1613G>A;c.1613G>A;c.1613G>A;c.1775G>A;c.1781G>A	p.Arg538Gln;p.Arg538Gln;p.Arg538Gln;p.Arg592Gln;p.Arg594Gln	c.1613G>A;c.1613G>A;c.1613G>A;c.1775G>A;c.1781G>A	p.Arg538Gln;p.Arg538Gln;p.Arg538Gln;p.Arg592Gln;p.Arg594Gln	principal4;.;alternative2;.;alternative2	Y;Y;Y;Y;Y	2;1;1;2;2	.;.;.;YES;.	+;+;+;+;+	CGA;CGA;CGA;CGA;CGA	2;2;2;2;2	0;0;0;0;0	G	G/G	G/G	G/G	G/G	0.033;0.034;0.035;.;.	0.44358	D;D;D;.;.	0.297;0.321;0.39;0.347;0.28	0.21678	T;T;T;T;T	.;0.539;0.47;.;.	0.37887	.;P;P;.;.	.;0.024;0.079;.;.	0.28749	.;B;B;.;.	.	.	.	.	1;1;1	0.08975	N;N;N	simple_aae;simple_aae;simple_aae	R538Q;R538Q;R538Q	0.835;0.835;0.835;.;.	0.21042	L;L;L;.;.	0.09;-0.38;-0.38;.;.	0.69027	T;T;T;.;.	-0.45;-0.45;-0.51;.;.	0.15986	N;N;N;.;.	0.178;0.162;0.153;0.195;0.21	0.23380	-1.0331	0.19459	T	0.0867	0.33634	T	9	0.005142778;0.005142778;0.005142778;0.005142778;0.005142778	0.00112	T;T;T;T;T	.	.	.	0.140;0.140;0.140;.;.	0.37593	.;.;.;.;.;	.	.;.;.;.;.;	.;.;.;.;.;	.;.;.;.;.;	0.518394417877;0.518394417877;0.518394417877;0.518394417877;0.518394417877	0.51483	.;.;.;0.2976341114913416;.	0.29676	0.186312294511;.;.;.;.	0.20939	0.316514849663	0.12892	T	.;0.068783;.;.;0.01039	0.33545
22	31095309	G	C	A	P	rs3205187	22	31491295	22	29821295	547;547;547;632;603;24;146	SMTN;SMTN;SMTN;SMTN;SMTN;SMTN;SMTN	ENSG00000183963;ENSG00000183963;ENSG00000183963;ENSG00000183963;ENSG00000183963;ENSG00000183963;ENSG00000183963	ENST00000358743;ENST00000347557;ENST00000333137;ENST00000619644;ENST00000612341;ENST00000455608;ENST00000404574	ENSP00000351593;ENSP00000328635;ENSP00000329532;ENSP00000484398;ENSP00000479578;ENSP00000392329;ENSP00000383919	P53814-6;P53814;P53814-5;A0A087X1R1;A0A087WVP4;H7BZZ8;B5MCI0	SMTN_HUMAN;SMTN_HUMAN;SMTN_HUMAN;A0A087X1R1_HUMAN;A0A087WVP4_HUMAN;H7BZZ8_HUMAN;B5MCI0_HUMAN	c.1639G>C;c.1639G>C;c.1639G>C;c.1894G>C;c.1807G>C;.;c.436G>C	p.A547P;p.A547P;p.A547P;p.A632P;p.A603P;.;p.A146P	c.1639G>C;c.1639G>C;c.1639G>C;c.1894G>C;c.1807G>C;c.70G>C;c.436G>C	p.Ala547Pro;p.Ala547Pro;p.Ala547Pro;p.Ala632Pro;p.Ala603Pro;p.Ala24Pro;p.Ala146Pro	c.1639G>C;c.1639G>C;c.1639G>C;c.1894G>C;c.1807G>C;c.70G>C;c.436G>C	p.Ala547Pro;p.Ala547Pro;p.Ala547Pro;p.Ala632Pro;p.Ala603Pro;p.Ala24Pro;p.Ala146Pro	principal4;.;alternative2;.;alternative2;.;.	Y;Y;Y;Y;Y;.;Y	2;1;1;2;2;3;2	.;.;.;YES;.;.;.	+;+;+;+;+;+;+	GCA;GCA;GCA;GCA;GCA;GCA;GCA	1;1;1;1;1;1;1	0;0;0;0;0;0;0	C	C/C	C/C	C/C	C/C	1.0;1.0;1.0;.;.;1.0;1.0	0.00964	T;T;T;.;.;T;T	0.873;0.856;0.768;0.33;0.415;0.273;0.687	0.22154	T;T;T;T;T;T;T	.;0.0;0.0;.;.;.;0.0	0.02946	.;B;B;.;.;.;B	.;0.0;0.002;.;.;.;0.0	0.06944	.;B;B;.;.;.;B	0.002053	0.37364	N	0.000000	0.999781;0.999997;0.999781;0.999781	0.20372	P;P;P;P	simple_aae;simple_aae;simple_aae;simple_aae	A547P;A146P;A547P;A547P	-2.2;-2.2;-2.2;.;.;.;.	0.00123	N;N;N;.;.;.;.	0.2;-0.26;-0.26;.;.;1.94;-3.07	0.92508	T;T;T;.;.;T;D	2.27;2.27;1.57;.;.;0.83;0.89	0.01787	N;N;N;.;.;N;N	0.074;0.069;0.068;0.061;0.089;.;0.038	0.06720	-0.9751	0.36104	T	0.0000	0.00011	T	9	7.4141344e-06;7.4141344e-06;7.4141344e-06;7.4141344e-06;7.4141344e-06;7.4141344e-06;7.4141203e-06	0.00003	T;T;T;T;T;T;T	.	.	.	0.110;0.110;0.110;.;.;0.110;0.110	0.31079	.;.;.;.;.;.;.;	.	.;.;.;.;.;.;.;	.;.;.;.;.;.;.;	.;.;.;.;.;.;.;	.;.;.;.;.;.;.	.	.;.;.;0.2588041459517028;.;.;.	0.25794	0.205273599354;.;.;.;.;.;.	0.22950	0.51102668047	0.40366	T	.;0.04055;.;.;0.0026;0.001286;0.00172	0.25563
22	31095346	C	T	A	V	rs5997872	22	31491332	22	29821332	559;559;559;644;615;36;158	SMTN;SMTN;SMTN;SMTN;SMTN;SMTN;SMTN	ENSG00000183963;ENSG00000183963;ENSG00000183963;ENSG00000183963;ENSG00000183963;ENSG00000183963;ENSG00000183963	ENST00000358743;ENST00000347557;ENST00000333137;ENST00000619644;ENST00000612341;ENST00000455608;ENST00000404574	ENSP00000351593;ENSP00000328635;ENSP00000329532;ENSP00000484398;ENSP00000479578;ENSP00000392329;ENSP00000383919	P53814-6;P53814;P53814-5;A0A087X1R1;A0A087WVP4;H7BZZ8;B5MCI0	SMTN_HUMAN;SMTN_HUMAN;SMTN_HUMAN;A0A087X1R1_HUMAN;A0A087WVP4_HUMAN;H7BZZ8_HUMAN;B5MCI0_HUMAN	c.1676C>T;c.1676C>T;c.1676C>T;c.1931C>T;c.1844C>T;.;c.473C>T	p.A559V;p.A559V;p.A559V;p.A644V;p.A615V;.;p.A158V	c.1676C>T;c.1676C>T;c.1676C>T;c.1931C>T;c.1844C>T;c.107C>T;c.473C>T	p.Ala559Val;p.Ala559Val;p.Ala559Val;p.Ala644Val;p.Ala615Val;p.Ala36Val;p.Ala158Val	c.1676C>T;c.1676C>T;c.1676C>T;c.1931C>T;c.1844C>T;c.107C>T;c.473C>T	p.Ala559Val;p.Ala559Val;p.Ala559Val;p.Ala644Val;p.Ala615Val;p.Ala36Val;p.Ala158Val	principal4;.;alternative2;.;alternative2;.;.	Y;Y;Y;Y;Y;.;Y	2;1;1;2;2;3;2	.;.;.;YES;.;.;.	+;+;+;+;+;+;+	GCG;GCG;GCG;GCG;GCG;GCG;GCG	2;2;2;2;2;2;2	0;0;0;0;0;0;0	C	T/T	T/T	T/T	T/T	0.576;0.593;0.569;.;.;0.16;0.489	0.23721	T;T;T;.;.;T;T	0.401;0.401;0.419;0.547;0.368;1.0;0.969	0.16570	T;T;T;T;T;T;T	.;0.002;0.008;.;.;.;0.001	0.14655	.;B;B;.;.;.;B	.;0.001;0.006;.;.;.;0.0	0.12133	.;B;B;.;.;.;B	0.199311	0.16641	N	0.443704	1;1;1;1	0.08975	P;P;P;P	simple_aae;simple_aae;simple_aae;simple_aae	A559V;A158V;A559V;A559V	1.445;1.445;1.445;.;.;.;.	0.36358	L;L;L;.;.;.;.	0.09;-0.35;-0.35;.;.;1.89;-3.14	0.92884	T;T;T;.;.;T;D	-0.38;-0.38;-0.54;.;.;0.07;-0.5	0.16598	N;N;N;.;.;N;N	0.031;0.033;0.032;0.026;0.07;.;0.014	0.04307	-1.0389	0.17648	T	0.0013	0.00438	T	9	0.0013774931;0.0013774931;0.0013774931;0.0013774931;0.0013774931;0.0013774931;0.0013774931	0.00015	T;T;T;T;T;T;T	.	.	.	0.030;0.030;0.030;.;.;0.030;0.030	0.07022	.;.;.;.;.;.;.;	.	.;.;.;.;.;.;.;	.;.;.;.;.;.;.;	.;.;.;.;.;.;.;	.;.;.;.;.;.;.	.	.;.;.;0.10439227695048595;.;.;.	0.10369	0.156448805772;.;.;.;.;.;.	0.17657	0.417295396328	0.27465	T	.;0.035935;.;.;0.002764;0.002045;0.005355	0.23912
22	31096795	C	T	R	C	rs34292278	22	31492781	22	29822781	642;642;642;727;698	SMTN;SMTN;SMTN;SMTN;SMTN	ENSG00000183963;ENSG00000183963;ENSG00000183963;ENSG00000183963;ENSG00000183963	ENST00000358743;ENST00000347557;ENST00000333137;ENST00000619644;ENST00000612341	ENSP00000351593;ENSP00000328635;ENSP00000329532;ENSP00000484398;ENSP00000479578	P53814-6;P53814;P53814-5;A0A087X1R1;A0A087WVP4	SMTN_HUMAN;SMTN_HUMAN;SMTN_HUMAN;A0A087X1R1_HUMAN;A0A087WVP4_HUMAN	c.1924C>T;c.1924C>T;c.1924C>T;c.2179C>T;c.2092C>T	p.R642C;p.R642C;p.R642C;p.R727C;p.R698C	c.1924C>T;c.1924C>T;c.1924C>T;c.2179C>T;c.2092C>T	p.Arg642Cys;p.Arg642Cys;p.Arg642Cys;p.Arg727Cys;p.Arg698Cys	c.1924C>T;c.1924C>T;c.1924C>T;c.2179C>T;c.2092C>T	p.Arg642Cys;p.Arg642Cys;p.Arg642Cys;p.Arg727Cys;p.Arg698Cys	principal4;.;alternative2;.;alternative2	Y;Y;Y;Y;Y	2;1;1;2;2	.;.;.;YES;.	+;+;+;+;+	CGC;CGC;CGC;CGC;CGC	1;1;1;1;1	0;0;0;0;0	C	C/C	C/C	C/C	C/C	0.0;0.0;0.0;.;.	0.91255	D;D;D;.;.	0.006;0.007;0.013;0.01;0.012	0.70582	D;D;D;D;D	.;0.997;0.999;.;.	0.77913	.;D;D;.;.	.;0.632;0.901;.;.	0.63994	.;P;P;.;.	0.291527	0.14760	N	0.508313	0.680432;0.680432;0.680432;0.0075362	0.41652	P;P;P;P	simple_aae;simple_aae;simple_aae;without_aae	R642C;R642C;R642C;.	1.04;1.04;1.04;.;.	0.26193	L;L;L;.;.	-0.19;-0.58;-0.58;.;.	0.71425	T;T;T;.;.	-2.34;-2.34;-2.63;.;.	0.56466	N;N;D;.;.	0.282;0.422;0.329;0.17;0.49	0.52386	-1.0811	0.07137	T	0.0002	0.00075	T	9	0.0017837584;0.0017837584;0.0017837584;0.0017837584;0.0017837584	0.00023	T;T;T;T;T	.	.	.	0.267;0.267;0.267;.;.	0.58126	.;.;.;.;.;	.	.;.;.;.;.;	.;.;.;.;.;	.;.;.;.;.;	.;.;.;.;.	.	.;.;.;0.4471863201408017;.	0.44636	0.627664244582;.;.;.;.	0.56846	0.686580836773	0.65214	T	.;0.381409;.;.;0.081828	0.74373
22	33277184	C	T	R	Q	rs73399520	22	33673170	22	32003170	650;650;598	LARGE1;LARGE1;LARGE1	ENSG00000133424;ENSG00000133424;ENSG00000133424	ENST00000354992;ENST00000397394;ENST00000402320	ENSP00000347088;ENSP00000380549;ENSP00000385223	O95461;O95461;O95461-2	LARG1_HUMAN;LARG1_HUMAN;LARG1_HUMAN	c.1949G>A;c.1949G>A;c.1793G>A	p.R650Q;p.R650Q;p.R598Q	c.1949G>A;c.1949G>A;c.1793G>A	p.Arg650Gln;p.Arg650Gln;p.Arg598Gln	c.1949G>A;c.1949G>A;c.1793G>A	p.Arg650Gln;p.Arg650Gln;p.Arg598Gln	principal1;principal1;.	Y;Y;Y	1;5;1	YES;.;.	-;-;-	CGG;CGG;CGG	2;2;2	0;0;0	C	C/C	C/C	C/C	C/C	0.403;0.403;0.385	0.11015	T;T;T	0.491;0.491;0.374	0.16280	T;T;T	0.083;0.083;0.068	0.24734	B;B;B	0.022;0.022;0.024	0.20255	B;B;B	0.000002	0.62929	N	0.099639	0.999947;0.999947;0.999947;0.999947;0.999947;0.999947	0.51968	D;D;D;D;D;D	simple_aae;simple_aae;simple_aae;simple_aae;simple_aae;simple_aae	R650Q;R598Q;R598Q;R650Q;R601Q;R449Q	.;.;.	.	.;.;.	1.94;1.94;1.94	0.22678	T;T;T	-0.6;-0.6;-0.61	0.18042	N;N;N	0.16;0.15;0.22	0.24634	-1.0425	0.16562	T	0.0025	0.00800	T	10	0.0042630434;0.0042630434;0.0042630434	0.00085	T;T;T	.	.	.	0.049;0.049;0.049	0.13647	.;.;.;	.	.;.;.;	.;.;.;	.;.;.;	0.043077524339;0.043077524339;0.043077524339	0.03247	0.5505688635313345;.;.	0.54982	0.604665219776;.;.	0.55395	0.50842487812	0.40002	T	0.288622;0.288622;.	0.66142
22	33650633	G	T	Q	K	rs115801300	22	34046619	22	32376619	48;48;48;48;48;48;48	LARGE1;LARGE1;LARGE1;LARGE1;LARGE1;LARGE1;LARGE1	ENSG00000133424;ENSG00000133424;ENSG00000133424;ENSG00000133424;ENSG00000133424;ENSG00000133424;ENSG00000133424	ENST00000354992;ENST00000397394;ENST00000402320;ENST00000430220;ENST00000413114;ENST00000434071;ENST00000432776	ENSP00000347088;ENSP00000380549;ENSP00000385223;ENSP00000396277;ENSP00000415546;ENSP00000389605;ENSP00000411065	O95461;O95461;O95461-2;B0QZ02;B0QYZ8;B0QYZ9;B0QZ01	LARG1_HUMAN;LARG1_HUMAN;LARG1_HUMAN;B0QZ02_HUMAN;B0QYZ8_HUMAN;B0QYZ9_HUMAN;B0QZ01_HUMAN	c.142C>A;c.142C>A;c.142C>A;.;.;.;.	p.Q48K;p.Q48K;p.Q48K;.;.;.;.	c.142C>A;c.142C>A;c.142C>A;c.142C>A;c.142C>A;c.142C>A;c.142C>A	p.Gln48Lys;p.Gln48Lys;p.Gln48Lys;p.Gln48Lys;p.Gln48Lys;p.Gln48Lys;p.Gln48Lys	c.142C>A;c.142C>A;c.142C>A;c.142C>A;c.142C>A;c.142C>A;c.142C>A	p.Gln48Lys;p.Gln48Lys;p.Gln48Lys;p.Gln48Lys;p.Gln48Lys;p.Gln48Lys;p.Gln48Lys	principal1;principal1;.;.;.;.;.	Y;Y;Y;.;.;.;.	1;5;1;4;4;4;4	YES;.;.;.;.;.;.	-;-;-;-;-;-;-	CAG;CAG;CAG;CAG;CAG;CAG;CAG	1;1;1;1;1;1;1	0;0;0;0;0;0;0	G	G/G	G/G	G/G	G/G	0.079;0.079;0.094;0.095;0.096;0.04;0.036	0.43393	T;T;T;T;T;D;D	0.921;0.921;0.906;0.0;.;.;.	0.92824	T;T;T;D;.;.;.	0.049;0.049;0.082;.;.;.;.	0.24665	B;B;B;.;.;.;.	0.01;0.01;0.058;.;.;.;.	0.26451	B;B;B;.;.;.;.	0.000031	0.55875	D	0.124719	1;1;1;1;1	0.81001	D;D;D;D;D	simple_aae;simple_aae;simple_aae;simple_aae;simple_aae	Q48K;Q48K;Q48K;Q48K;Q48K	.;.;.;.;.;.;.	.	.;.;.;.;.;.;.	1.19;1.19;1.17;1.49;1.48;1.47;.	0.37910	T;T;T;T;T;T;.	-0.22;-0.22;-0.22;-2.3;-2.3;-2.3;-3.66	0.70067	N;N;N;N;N;N;D	0.526;0.525;0.491;.;.;.;.	0.55540	-1.0588	0.12058	T	0.0993	0.37009	T	10	0.34616095;0.34616095;0.34616095;0.34616095;0.34616095;0.34616095;0.3461612	0.51576	T;T;T;T;T;T;T	0.0092	0.24177	T	0.181;0.181;0.181;0.181;0.181;0.181;0.181	0.45247	0.27;0.27;0.27;0.27;0.27;0.27;0.27;	0.21893	O95461;O95461;O95461;O95461;O95461;O95461;O95461;	Q48K;Q48K;Q48K;Q48K;Q48K;Q48K;Q48K;	Gain of ubiquitination at Q48 (P = 0.0045);Gain of ubiquitination at Q48 (P = 0.0045);Gain of ubiquitination at Q48 (P = 0.0045);Gain of ubiquitination at Q48 (P = 0.0045);Gain of ubiquitination at Q48 (P = 0.0045);Gain of ubiquitination at Q48 (P = 0.0045);Gain of ubiquitination at Q48 (P = 0.0045);	0.593967593709;0.593967593709;0.593967593709;0.593967593709;0.593967593709;0.593967593709;0.593967593709	0.59075	0.44731338547579463;.;.;.;.;.;.	0.44649	0.669205823215;.;.;.;.;.;.	0.59329	0.520348846912	0.41675	T	0.208157;0.208157;.;.;.;.;.	0.56802
22	38699831	G	A	R	W	rs114289284	22	39095836	22	37425782	53;53;53;53;53	JOSD1;JOSD1;JOSD1;JOSD1;JOSD1	ENSG00000100221;ENSG00000100221;ENSG00000100221;ENSG00000100221;ENSG00000100221	ENST00000216039;ENST00000427389;ENST00000412832;ENST00000417712;ENST00000456626	ENSP00000216039;ENSP00000410010;ENSP00000415189;ENSP00000393131;ENSP00000405182	Q15040;B0QY56;B0QY57;B0QY55;B0QY58	JOS1_HUMAN;B0QY56_HUMAN;B0QY57_HUMAN;B0QY55_HUMAN;B0QY58_HUMAN	c.157C>T;.;.;.;.	p.R53W;.;.;.;.	c.157C>T;c.157C>T;c.157C>T;c.157C>T;c.157C>T	p.Arg53Trp;p.Arg53Trp;p.Arg53Trp;p.Arg53Trp;p.Arg53Trp	c.157C>T;c.157C>T;c.157C>T;c.157C>T;c.157C>T	p.Arg53Trp;p.Arg53Trp;p.Arg53Trp;p.Arg53Trp;p.Arg53Trp	principal1;.;.;.;.	Y;.;.;.;.	1;4;5;4;2	YES;.;.;.;.	-;-;-;-;-	CGG;CGG;CGG;CGG;CGG	1;1;1;1;1	2;2;2;2;2	G	G/G	G/G	G/G	G/G	0.0;0.001;0.032;0.001;0.001	0.91255	D;D;D;D;D	0.049;.;.;.;.	0.48336	D;.;.;.;.	0.999;.;.;.;.	0.77913	D;.;.;.;.	0.941;.;.;.;.	0.67658	D;.;.;.;.	0.000008	0.62929	D	0.069802	1	0.81001	D	simple_aae	R53W	2.365;.;.;.;.	0.68172	M;.;.;.;.	0.86;0.86;0.86;0.86;0.86	0.46777	T;T;T;T;T	-4.93;-5.02;-5.02;-5.42;-5.42	0.85247	D;D;D;D;D	0.703;.;.;.;.	0.70702	-0.7780	0.56415	T	0.2240	0.58818	T	10	0.61245406;0.61245406;0.61245406;0.61245406;0.61245406	0.67520	D;D;D;D;D	0.036781	0.57205	D	0.301;0.301;0.301;0.301;0.301	0.62179	0.467;0.467;0.467;0.467;0.467;	0.53891	Q15040;Q15040;Q15040;Q15040;Q15040;	R53W;R53W;R53W;R53W;R53W;	Loss of disorder (P = 0.0939);Loss of disorder (P = 0.0939);Loss of disorder (P = 0.0939);Loss of disorder (P = 0.0939);Loss of disorder (P = 0.0939);	0.730830015099;0.730830015099;0.730830015099;0.730830015099;0.730830015099	0.72844	0.6618881773823814;.;.;.;.	0.66125	1.79979638619;.;.;.;.	0.91641	0.779969453812	0.78923	T	0.178346;.;.;.;.	0.52896
22	38699844	G	C	S	R	rs6001200	22	39095849	22	37425795	48;48;48;48;48	JOSD1;JOSD1;JOSD1;JOSD1;JOSD1	ENSG00000100221;ENSG00000100221;ENSG00000100221;ENSG00000100221;ENSG00000100221	ENST00000216039;ENST00000427389;ENST00000412832;ENST00000417712;ENST00000456626	ENSP00000216039;ENSP00000410010;ENSP00000415189;ENSP00000393131;ENSP00000405182	Q15040;B0QY56;B0QY57;B0QY55;B0QY58	JOS1_HUMAN;B0QY56_HUMAN;B0QY57_HUMAN;B0QY55_HUMAN;B0QY58_HUMAN	c.144C>G;.;.;.;.	p.S48R;.;.;.;.	c.144C>G;c.144C>G;c.144C>G;c.144C>G;c.144C>G	p.Ser48Arg;p.Ser48Arg;p.Ser48Arg;p.Ser48Arg;p.Ser48Arg	c.144C>G;c.144C>G;c.144C>G;c.144C>G;c.144C>G	p.Ser48Arg;p.Ser48Arg;p.Ser48Arg;p.Ser48Arg;p.Ser48Arg	principal1;.;.;.;.	Y;.;.;.;.	1;4;5;4;2	YES;.;.;.;.	-;-;-;-;-	AGC;AGC;AGC;AGC;AGC	3;3;3;3;3	2;2;2;2;2	G	G/G	G/G	G/G	G/G	0.644;0.537;0.63;0.202;0.176	0.22312	T;T;T;T;T	0.464;.;.;.;.	0.12456	T;.;.;.;.	0.013;.;.;.;.	0.16609	B;.;.;.;.	0.03;.;.;.;.	0.21741	B;.;.;.;.	0.003008	0.35573	N	0.350840	0.999934	0.51612	D	simple_aae	S48R	-0.345;.;.;.;.	0.03330	N;.;.;.;.	1.01;1.01;1.01;1.01;1.01	0.41058	T;T;T;T;T	0.09;0.19;0.29;-0.42;-0.42	0.14193	N;N;N;N;N	0.166;.;.;.;.	0.17553	-1.0830	0.06776	T	0.0027	0.00864	T	10	0.0019567013;0.0019567013;0.0019567013;0.0019567013;0.0019567013	0.00027	T;T;T;T;T	.	.	.	0.027;0.027;0.027;0.027;0.027	0.05988	0.292;0.292;0.292;0.292;0.292;	0.25400	Q15040;Q15040;Q15040;Q15040;Q15040;	S48R;S48R;S48R;S48R;S48R;	Gain of solvent accessibility (P = 0.0739);Gain of solvent accessibility (P = 0.0739);Gain of solvent accessibility (P = 0.0739);Gain of solvent accessibility (P = 0.0739);Gain of solvent accessibility (P = 0.0739);	0.511561629741;0.511561629741;0.511561629741;0.511561629741;0.511561629741	0.50796	0.3205770129541092;.;.;.;.	0.31970	0.906729024357;.;.;.;.	0.70873	0.56200671196	0.47551	T	0.006895;.;.;.;.	0.06325
22	39044144	C	T	A	V	rs5750728	22	39440149	22	37770095	78	APOBEC3F	ENSG00000128394	ENST00000381565	ENSP00000370977	Q8IUX4-3	ABC3F_HUMAN	c.233C>T	p.A78V	c.233C>T	p.Ala78Val	c.233C>T	p.Ala78Val	.	Y	1	.	+	GCC	2	0	C	C/C	C/C	C/C	C/C	0.229	0.18371	T	0.281	0.21612	T	.	.	.	.	.	.	.	.	.	.	1;1;1	0.08975	P;P;P	simple_aae;without_aae;without_aae	A78V;.;.	.	.	.	2.28	0.17271	T	0.37	0.03639	N	0.038	0.01203	-1.0261	0.21723	T	0.0000	0.00011	T	6	3.241894e-06	0.00003	T	.	.	.	0.011	0.01250	.;	.	.;	.;	.;	.	.	.	.	.	.	.	.	.	.	.
22	39044171	A	T	Q	L	rs114704208	22	39440176	22	37770122	87	APOBEC3F	ENSG00000128394	ENST00000381565	ENSP00000370977	Q8IUX4-3	ABC3F_HUMAN	c.260A>T	p.Q87L	c.260A>T	p.Gln87Leu	c.260A>T	p.Gln87Leu	.	Y	1	.	+	CAG	2	0	A	A/A	A/A	A/A	A/A	0.011	0.55530	D	0.026	0.55759	D	.	.	.	.	.	.	.	.	.	.	1;1;1	0.08975	N;N;N	simple_aae;without_aae;without_aae	Q87L;.;.	.	.	.	2.23	0.18083	T	-0.48	0.15379	N	0.374	0.41557	-1.0081	0.27510	T	0.0038	0.01226	T	7	0.0042675734	0.00085	T	.	.	.	0.026	0.05648	.;	.	.;	.;	.;	0.124217242631	0.12060	.	.	.	.	.	.	.	.	.
22	39231644	T	C	Q	R	rs116555717	22	39627649	22	37957595	145;130;114;114	PDGFB;PDGFB;PDGFB;PDGFB	ENSG00000100311;ENSG00000100311;ENSG00000100311;ENSG00000100311	ENST00000331163;ENST00000381551;ENST00000455790;ENST00000440375	ENSP00000330382;ENSP00000370963;ENSP00000402306;ENSP00000405780	P01127;P01127-2;A9UJP0;A9UJN9	PDGFB_HUMAN;PDGFB_HUMAN;A9UJP0_HUMAN;A9UJN9_HUMAN	c.434A>G;c.389A>G;.;.	p.Q145R;p.Q130R;.;.	c.434A>G;c.389A>G;c.341A>G;c.341A>G	p.Gln145Arg;p.Gln130Arg;p.Gln114Arg;p.Gln114Arg	c.434A>G;c.389A>G;c.341A>G;c.341A>G	p.Gln145Arg;p.Gln130Arg;p.Gln114Arg;p.Gln114Arg	principal1;.;.;.	Y;Y;.;.	1;5;4;4	YES;.;.;.	-;-;-;-	CAG;CAG;CAG;CAG	2;2;2;2	0;0;0;0	T	T/T	T/T	T/T	T/T	1.0;1.0;1.0;1.0	0.00964	T;T;T;T	0.849;0.804;.;1.0	0.04017	T;T;.;T	0.007;.;.;.	0.14184	B;.;.;.	0.037;.;.;.	0.23121	B;.;.;.	0.018932	0.27370	N	0.412070	0.841415;0.754048	0.35073	D;N	simple_aae;simple_aae	Q130R;Q145R	0.255;.;.;.	0.09829	N;.;.;.	1.0;0.99;0.98;0.97	0.42502	T;T;T;T	0.86;0.86;0.86;0.86	0.01712	N;N;N;N	0.198;0.195;.;.	0.21839	-0.9929	0.31853	T	0.0375	0.16160	T	10	0.03152731;0.03152731;0.03152731;0.03152731	0.01288	T;T;T;T	0.006597	0.17415	T	0.074;0.074;0.074;0.074	0.21613	.;.;.;.;	.	.;.;.;.;	.;.;.;.;	.;.;.;.;	0.550173565439;0.550173565439;0.550173565439;0.550173565439	0.54675	0.6192478354619175;.;.;.	0.61857	0.411960123619;.;.;.	0.41947	0.436699986458	0.30126	T	0.481262;.;.;0.385805	0.80990
22	39231816	T	C	I	V	rs17565	22	39627821	22	37957767	88;73;57;57	PDGFB;PDGFB;PDGFB;PDGFB	ENSG00000100311;ENSG00000100311;ENSG00000100311;ENSG00000100311	ENST00000331163;ENST00000381551;ENST00000455790;ENST00000440375	ENSP00000330382;ENSP00000370963;ENSP00000402306;ENSP00000405780	P01127;P01127-2;A9UJP0;A9UJN9	PDGFB_HUMAN;PDGFB_HUMAN;A9UJP0_HUMAN;A9UJN9_HUMAN	c.262A>G;c.217A>G;.;.	p.I88V;p.I73V;.;.	c.262A>G;c.217A>G;c.169A>G;c.169A>G	p.Ile88Val;p.Ile73Val;p.Ile57Val;p.Ile57Val	c.262A>G;c.217A>G;c.169A>G;c.169A>G	p.Ile88Val;p.Ile73Val;p.Ile57Val;p.Ile57Val	principal1;.;.;.	Y;Y;.;.	1;5;4;4	YES;.;.;.	-;-;-;-	ATT;ATT;ATT;ATT	1;1;1;1	0;0;0;0	C	T/T	T/T	T/T	T/T	1.0;1.0;1.0;1.0	0.00964	T;T;T;T	0.444;0.653;.;0.772	0.13177	T;T;.;T	0.0;.;.;.	0.02946	B;.;.;.	0.0;.;.;.	0.01387	B;.;.;.	0.004495	0.01028	N	6.813100	1;1	0.08975	N;N	simple_aae;simple_aae	I88V;I73V	-1.7;.;.;.	0.00354	N;.;.;.	0.99;0.99;0.99;0.99	0.41750	T;T;T;T	0.29;0.27;0.24;0.24	0.04533	N;N;N;N	0.047;0.064;.;.	0.03613	-0.9291	0.44270	T	0.0248	0.10598	T	10	0.004203826;0.004203826;0.004203826;0.004203826	0.00084	T;T;T;T	.	.	.	0.150;0.150;0.150;0.150	0.39571	.;.;.;.;	.	.;.;.;.;	.;.;.;.;	.;.;.;.;	0.110392049598;0.110392049598;0.110392049598;0.110392049598	0.10638	0.23405017443356224;.;.;.	0.23320	0.318577259752;.;.;.	0.34077	0.382326513529	0.22587	T	0.277185;.;.;0.223587	0.64979
22	39743860	A	G	I	T	rs114948690	22	40139865	22	38469811	548	ENTHD1	ENSG00000176177	ENST00000325157	ENSP00000317431	Q8IYW4	ENTD1_HUMAN	c.1643T>C	p.I548T	c.1643T>C	p.Ile548Thr	c.1643T>C	p.Ile548Thr	principal1	Y	1	YES	-	ATT	2	0	A	A/A	A/A	A/A	A/A	0.131	0.26629	T	0.262	0.22895	T	0.025	0.19245	B	0.013	0.16460	B	0.242100	0.15690	N	0.586854	0.999848	0.20103	N	simple_aae	I548T	1.04	0.26193	L	1.51	0.30937	T	-1.34	0.33401	N	0.083	0.05929	-1.0242	0.22344	T	0.0325	0.13986	T	10	0.0029786825	0.00048	T	0.004926	0.12380	T	0.081	0.23632	.;	.	.;	.;	.;	0.0920862733494	0.08535	0.14377139003141806	0.14300	0.0854793780599	0.09655	0.329953223467	0.14928	T	0.016329	0.13521
22	39744223	A	G	L	S	rs115673469	22	40140228	22	38470174	427	ENTHD1	ENSG00000176177	ENST00000325157	ENSP00000317431	Q8IYW4	ENTD1_HUMAN	c.1280T>C	p.L427S	c.1280T>C	p.Leu427Ser	c.1280T>C	p.Leu427Ser	principal1	Y	1	YES	-	TTA	2	0	A	A/A	A/A	A/A	A/A	0.558	0.06421	T	0.412	0.14456	T	0.003	0.11197	B	0.003	0.08700	B	0.637837	0.05850	N	1.247070	1	0.08975	N	simple_aae	L427S	-0.115	0.04602	N	0.97	0.42502	T	0.99	0.01428	N	0.045	0.01740	-0.9557	0.39970	T	0.0375	0.16160	T	10	0.012440234	0.00267	T	0.00208	0.03828	T	0.040	0.10527	.;	.	.;	.;	.;	0.0551355673512	0.04727	0.03896238780703795	0.03842	0.0911202705014	0.10288	0.229977458715	0.01966	T	0.002935	0.02330
22	39744238	A	G	M	T	rs115302874	22	40140243	22	38470189	422	ENTHD1	ENSG00000176177	ENST00000325157	ENSP00000317431	Q8IYW4	ENTD1_HUMAN	c.1265T>C	p.M422T	c.1265T>C	p.Met422Thr	c.1265T>C	p.Met422Thr	principal1	Y	1	YES	-	ATG	2	0	A	A/A	A/A	A/A	A/A	0.003	0.68238	D	0.216	0.26226	T	0.167	0.28604	B	0.034	0.22546	B	0.251858	0.03652	N	1.544940	1	0.08975	N	simple_aae	M422T	1.24	0.30952	L	0.95	0.43279	T	-0.74	0.20791	N	0.24	0.27077	-1.0291	0.20746	T	0.0707	0.28806	T	10	0.05666274	0.06388	T	0.007333	0.19442	T	0.027	0.05988	.;	.	.;	.;	.;	0.218845423259	0.21516	0.05463905801937877	0.05405	0.0840217456617	0.09476	0.277779579163	0.07184	T	0.011282	0.10090
22	39765567	C	G	R	T	rs111738363	22	40161572	22	38491518	292	ENTHD1	ENSG00000176177	ENST00000325157	ENSP00000317431	Q8IYW4	ENTD1_HUMAN	c.875G>C	p.R292T	c.875G>C	p.Arg292Thr	c.875G>C	p.Arg292Thr	principal1	Y	1	YES	-	AGA	2	0	G	G/G	G/G	G/G	G/G	1.0	0.00964	T	1.0	0.01155	T	0.0	0.02946	B	0.0	0.01387	B	0.043672	0.23716	N	0.344271	1	0.08975	N	simple_aae	R292T	-1.585	0.00443	N	1.14	0.38397	T	1.74	0.00550	N	0.168	0.17828	-0.9722	0.36734	T	0.0172	0.07092	T	10	0.0048019886	0.00102	T	0.00252	0.05037	T	0.101	0.28911	.;	.	.;	.;	.;	0.0551355673512	0.04727	0.08394946548142862	0.08328	0.0960899266	0.10848	0.398505985737	0.24860	T	0.004496	0.03897
22	39821109	A	G	L	P	rs115492335	22	40217114	22	38547060	239	ENTHD1	ENSG00000176177	ENST00000325157	ENSP00000317431	Q8IYW4	ENTD1_HUMAN	c.716T>C	p.L239P	c.716T>C	p.Leu239Pro	c.716T>C	p.Leu239Pro	principal1	Y	1	YES	-	CTG	2	0	A	A/A	A/A	A/A	A/A	0.0	0.91255	D	0.018	0.59732	D	1.0	0.90584	D	0.997	0.86255	D	0.013589	0.28793	N	0.191628	0.999906	0.50806	D	simple_aae	L239P	1.625	0.41611	L	0.65	0.52642	T	-1.47	0.35991	N	0.676	0.68342	-0.6937	0.60735	T	0.1503	0.47787	T	10	0.0069163144	0.00157	T	0.034139	0.55470	D	0.228	0.52768	.;	.	.;	.;	.;	0.518421792786	0.51486	0.29453086395917294	0.29366	0.233258079454	0.25858	0.50598859787	0.39661	T	0.036734	0.24216
22	39835936	C	A	L	F	rs114100360	22	40231941	22	38561887	205	ENTHD1	ENSG00000176177	ENST00000325157	ENSP00000317431	Q8IYW4	ENTD1_HUMAN	c.615G>T	p.L205F	c.615G>T	p.Leu205Phe	c.615G>T	p.Leu205Phe	principal1	Y	1	YES	-	TTG	3	2	C	C/C	C/C	C/C	C/C	0.001	0.78490	D	0.175	0.29945	T	0.03	0.20002	B	0.011	0.15521	B	0.908700	0.07401	N	1.062840	1	0.08975	N	simple_aae	L205F	1.445	0.36358	L	0.37	0.57729	T	-1.93	0.44852	N	0.076	0.05037	-0.9636	0.38488	T	0.1315	0.44288	T	10	0.05560565	0.06105	T	0.013936	0.33715	T	0.042	0.11227	0.331;	0.31681	Q8IYW4;	L205F;	Gain of methylation at K206 (P = 0.04);	0.17258766438	0.16869	0.061116222766092396	0.06051	0.0802256622723	0.09027	0.264030247927	0.05380	T	0.013209	0.11466
22	40019319	C	T	T	I	rs115365592	22	40415323	22	38745269	214;46	FAM83F;FAM83F	ENSG00000133477;ENSG00000133477	ENST00000333407;ENST00000473717	ENSP00000330432;ENSP00000476600	Q8NEG4;Q8NEG4-2	FA83F_HUMAN;FA83F_HUMAN	c.641C>T;c.137C>T	p.T214I;p.T46I	c.641C>T;c.137C>T	p.Thr214Ile;p.Thr46Ile	c.641C>T;c.137C>T	p.Thr214Ile;p.Thr46Ile	principal1;.	Y;Y	1;1	YES;.	+;+	ACT;ACT	2;2	0;0	C	C/C	C/C	C/C	C/C	0.217;.	0.19157	T;.	0.204;0.1	0.38742	T;T	0.326;.	0.33151	B;.	0.087;.	0.29615	B;.	0.504560	0.11911	N	0.794362	1	0.08975	N	simple_aae	T214I	2.175;.	0.60977	M;.	2.52;.	0.14160	T;.	-2.5;.	0.54382	D;.	0.335;0.372	0.41360	-1.0066	0.27973	T	0.0142	0.05657	T	10	0.017675668;0.017675668	0.00379	T;T	0.009715	0.25359	T	0.046;.	0.12618	.;.;	.	.;.;	.;.;	.;.;	0.321672782286;0.321672782286	0.31767	0.5159267108850911;.	0.51515	0.341012097856;.	0.36037	0.353366672993	0.18417	T	0.061263;.	0.31607
22	40019964	G	T	R	S	rs12330063	22	40415968	22	38745914	245;77	FAM83F;FAM83F	ENSG00000133477;ENSG00000133477	ENST00000333407;ENST00000473717	ENSP00000330432;ENSP00000476600	Q8NEG4;Q8NEG4-2	FA83F_HUMAN;FA83F_HUMAN	c.735G>T;c.231G>T	p.R245S;p.R77S	c.735G>T;c.231G>T	p.Arg245Ser;p.Arg77Ser	c.735G>T;c.231G>T	p.Arg245Ser;p.Arg77Ser	principal1;.	Y;Y	1;1	YES;.	+;+	AGG;AGG	3;3	2;2	G	G/G	G/G	G/G	G/G	0.002;.	0.72154	D;.	0.01;0.026	0.65728	D;D	0.684;.	0.41517	P;.	0.272;.	0.39956	B;.	0.000059	0.53742	D	0.162693	0.939493	0.26834	N	simple_aae	R245S	2.285;.	0.65182	M;.	2.45;.	0.15028	T;.	-3.21;.	0.64826	D;.	0.53;0.54	0.56748	-1.0650	0.10549	T	0.0118	0.04510	T	10	0.009047389;0.009047389	0.00205	T;T	.	.	.	0.076;.	0.22200	0.305;.;	0.27485	Q8NEG4;.;	R245S;.;	Loss of stability (P = 0.0412);.;	0.32980341726;0.32980341726	0.32591	0.9512813162619144;.	0.95112	0.634404223586;.	0.57293	0.270185291767	0.06164	T	0.095586;.	0.39651
22	40019984	A	G	D	G	rs116438980	22	40415988	22	38745934	252;84	FAM83F;FAM83F	ENSG00000133477;ENSG00000133477	ENST00000333407;ENST00000473717	ENSP00000330432;ENSP00000476600	Q8NEG4;Q8NEG4-2	FA83F_HUMAN;FA83F_HUMAN	c.755A>G;c.251A>G	p.D252G;p.D84G	c.755A>G;c.251A>G	p.Asp252Gly;p.Asp84Gly	c.755A>G;c.251A>G	p.Asp252Gly;p.Asp84Gly	principal1;.	Y;Y	1;1	YES;.	+;+	GAC;GAC	2;2	0;0	A	A/A	A/A	A/A	A/A	0.016;.	0.51853	D;.	0.006;0.01	0.70582	D;D	0.988;.	0.62325	D;.	0.875;.	0.62107	P;.	0.001227	0.39743	N	0.281103	0.999713	0.48481	D	simple_aae	D252G	2.97;.	0.85306	M;.	2.71;.	0.12055	T;.	-5.69;.	0.87300	D;.	0.525;0.544	0.57092	-1.1075	0.03293	T	0.0635	0.26349	T	10	0.011384696;0.011384696	0.00249	T;T	.	.	.	0.297;.	0.61730	.;.;	.	.;.;	.;.;	.;.;	0.538145619591;0.538145619591	0.53465	0.7605775797698877;.	0.76005	0.923086944419;.	0.71539	0.359491974115	0.19311	T	0.057633;.	0.30620
22	40021790	C	T	A	V	rs115818503	22	40417794	22	38747740	427;259	FAM83F;FAM83F	ENSG00000133477;ENSG00000133477	ENST00000333407;ENST00000473717	ENSP00000330432;ENSP00000476600	Q8NEG4;Q8NEG4-2	FA83F_HUMAN;FA83F_HUMAN	c.1280C>T;c.776C>T	p.A427V;p.A259V	c.1280C>T;c.776C>T	p.Ala427Val;p.Ala259Val	c.1280C>T;c.776C>T	p.Ala427Val;p.Ala259Val	principal1;.	Y;Y	1;1	YES;.	+;+	GCG;GCG	2;2	0;0	C	./.	./.	./.	./.	0.185;.	0.21550	T;.	0.175;0.344	0.29945	T;T	0.886;.	0.48745	P;.	0.094;.	0.30180	B;.	0.008519	0.01209	N	2.375860	0.999996	0.08975	N	simple_aae	A427V	1.935;.	0.51832	L;.	3.02;.	0.08986	T;.	-1.22;.	0.30964	N;.	0.072;0.058	0.04547	-1.0363	0.18450	T	0.0104	0.03856	T	10	0.003617674;0.003617674	0.00066	T;T	0.007953	0.21084	T	0.112;.	0.31546	.;.;	.	.;.;	.;.;	.;.;	0.311691414656;0.311691414656	0.30774	0.07629724590602982;.	0.07565	0.237526143006;.	0.26293	0.338406741619	0.16199	T	0.011555;.	0.10295
22	40021816	A	G	R	G	rs5995794	22	40417820	22	38747766	436;268	FAM83F;FAM83F	ENSG00000133477;ENSG00000133477	ENST00000333407;ENST00000473717	ENSP00000330432;ENSP00000476600	Q8NEG4;Q8NEG4-2	FA83F_HUMAN;FA83F_HUMAN	c.1306A>G;c.802A>G	p.R436G;p.R268G	c.1306A>G;c.802A>G	p.Arg436Gly;p.Arg268Gly	c.1306A>G;c.802A>G	p.Arg436Gly;p.Arg268Gly	principal1;.	Y;Y	1;1	YES;.	+;+	AGG;AGG	1;1	2;2	A	A/A	A/A	A/A	A/A	0.003;.	0.68238	D;.	0.084;0.013	0.63109	T;D	0.067;.	0.23653	B;.	0.025;.	0.20508	B;.	0.325730	0.14197	N	0.560877	1	0.08975	P	simple_aae	R436G	0.895;.	0.22405	L;.	2.91;.	0.10008	T;.	-1.81;.	0.42575	N;.	0.158;0.053	0.16447	-0.9216	0.45334	T	0.0000	0.00011	T	9	0.004034877;0.004034877	0.00078	T;T	.	.	.	0.035;.	0.08770	.;.;	.	.;.;	.;.;	.;.;	.;.	.	0.1364202052693872;.	0.13566	0.336499639747;.	0.35643	0.319015979767	0.13271	T	0.022849;.	0.17544
22	44891338	T	C	Y	C	rs115264708	22	45287218	22	43665882	124;274;328;286;124	PHF21B;PHF21B;PHF21B;PHF21B;PHF21B	ENSG00000056487;ENSG00000056487;ENSG00000056487;ENSG00000056487;ENSG00000056487	ENST00000403565;ENST00000396103;ENST00000313237;ENST00000629843;ENST00000414269	ENSP00000385053;ENSP00000379410;ENSP00000324403;ENSP00000487086;ENSP00000401091	B1AHC5;Q96EK2-4;Q96EK2;Q96EK2-3;B1AHC6	B1AHC5_HUMAN;PF21B_HUMAN;PF21B_HUMAN;PF21B_HUMAN;B1AHC6_HUMAN	c.371A>G;c.821A>G;c.983A>G;c.857A>G;.	p.Y124C;p.Y274C;p.Y328C;p.Y286C;.	c.371A>G;c.821A>G;c.983A>G;c.857A>G;c.371A>G	p.Tyr124Cys;p.Tyr274Cys;p.Tyr328Cys;p.Tyr286Cys;p.Tyr124Cys	c.371A>G;c.821A>G;c.983A>G;c.857A>G;c.371A>G	p.Tyr124Cys;p.Tyr274Cys;p.Tyr328Cys;p.Tyr286Cys;p.Tyr124Cys	alternative2;alternative2;.;principal3;.	Y;Y;Y;Y;.	2;2;1;1;5	.;.;YES;.;.	-;-;-;-;-	TAT;TAT;TAT;TAT;TAT	2;2;2;2;2	0;0;0;0;0	T	T/T	T/T	T/T	T/T	0.001;.;0.0;.;0.001	0.91255	D;.;D;.;D	0.002;0.001;0.001;0.001;.	0.83351	D;D;D;D;.	0.002;.;0.036;0.019;.	0.20732	B;.;B;B;.	0.004;.;0.015;0.033;.	0.22329	B;.;B;B;.	0.002706	0.36068	N	0.181458	0.915773;0.915773;0.915773;0.915773;0.915773	0.36534	D;D;D;D;D	simple_aae;simple_aae;simple_aae;simple_aae;simple_aae	Y124C;Y328C;Y286C;Y274C;Y274C	.;.;1.285;.;.	0.32305	.;.;L;.;.	0.7;.;0.7;.;0.7	0.51474	T;.;T;.;T	-6.16;.;-5.92;.;-6.54	0.91786	D;.;D;.;D	0.424;0.445;0.425;0.413;.	0.48319	-0.9721	0.36755	T	0.0583	0.24465	T	10	0.0077228546;0.0077228546;0.0077228546;0.0077228546;0.0077228546	0.00175	T;T;T;T;T	.	.	.	0.139;0.139;0.139;.;0.139	0.37390	.;.;.;.;.;	.	.;.;.;.;.;	.;.;.;.;.;	.;.;.;.;.;	0.082315109003;0.082315109003;0.082315109003;0.082315109003;0.082315109003	0.07666	.;.;0.4813108333726037;.;.	0.48051	.;.;0.343915624163;.;.	0.36316	0.527536869049	0.42688	T	.;.;0.118461;.;.	0.43929
22	44916465	C	T	G	S	rs8135982	22	45312345	22	43691009	115;127;127;115	PHF21B;PHF21B;PHF21B;PHF21B	ENSG00000056487;ENSG00000056487;ENSG00000056487;ENSG00000056487	ENST00000396103;ENST00000313237;ENST00000629843;ENST00000420689	ENSP00000379410;ENSP00000324403;ENSP00000487086;ENSP00000401294	Q96EK2-4;Q96EK2;Q96EK2-3;B0QYW2	PF21B_HUMAN;PF21B_HUMAN;PF21B_HUMAN;B0QYW2_HUMAN	c.343G>A;c.379G>A;c.379G>A;.	p.G115S;p.G127S;p.G127S;.	c.343G>A;c.379G>A;c.379G>A;c.343G>A	p.Gly115Ser;p.Gly127Ser;p.Gly127Ser;p.Gly115Ser	c.343G>A;c.379G>A;c.379G>A;c.343G>A	p.Gly115Ser;p.Gly127Ser;p.Gly127Ser;p.Gly115Ser	alternative2;.;principal3;.	Y;Y;Y;.	2;1;1;5	.;YES;.;.	-;-;-;-	GGC;GGC;GGC;GGC	1;1;1;1	0;0;0;0	C	C/C	C/C	C/C	C/C	.;0.388;.;0.378	0.11262	.;T;.;T	0.607;0.912;0.807;.	0.07766	T;T;T;.	.;0.088;0.007;.	0.25022	.;B;B;.	.;0.01;0.01;.	0.14941	.;B;B;.	0.132215	0.18595	N	0.462648	0.999855;0.999855;0.999855;0.999855;2.21945e-10	0.58761	P;P;P;P;P	simple_aae;simple_aae;simple_aae;simple_aae;without_aae	G115S;G115S;G127S;G127S;.	.;-0.55;-0.55;.	0.02420	.;N;N;.	.;2.06;.;2.06	0.20523	.;T;.;T	.;0.01;.;-0.71	0.20145	.;N;.;N	0.156;0.05;0.164;.	0.17278	-0.9630	0.38606	T	0.0002	0.00075	T	9	0.0011023283;0.0011023283;0.0011023283;0.0011023283	0.00013	T;T;T;T	.	.	.	0.072;0.072;.;0.072	0.21020	.;.;.;.;	.	.;.;.;.;	.;.;.;.;	.;.;.;.;	.;.;.;.	.	.;0.13903295609604172;.;.	0.13826	.;0.315404516376;.;.	0.33817	0.404298096895	0.25666	T	.;0.002781;.;.	0.02176
